ts,equity
2023-02-25 00:00:00+00:00,1000.0
2023-02-26 00:00:00+00:00,1025.1737076673508
2023-02-27 00:00:00+00:00,1007.3132825272808
2023-02-28 00:00:00+00:00,978.1950614837574
2023-03-01 00:00:00+00:00,1011.939475491616
2023-03-02 00:00:00+00:00,998.3353211956453
2023-03-03 00:00:00+00:00,963.6828182745929
2023-03-04 00:00:00+00:00,963.1768847949987
2023-03-05 00:00:00+00:00,963.1768847949987
2023-03-06 00:00:00+00:00,959.8769527449157
2023-03-07 00:00:00+00:00,959.540995811455
2023-03-08 00:00:00+00:00,959.540995811455
2023-03-09 00:00:00+00:00,959.540995811455
2023-03-10 00:00:00+00:00,959.540995811455
2023-03-11 00:00:00+00:00,959.540995811455
2023-03-12 00:00:00+00:00,959.540995811455
2023-03-13 00:00:00+00:00,959.540995811455
2023-03-14 00:00:00+00:00,959.540995811455
2023-03-15 00:00:00+00:00,948.5367859944387
2023-03-16 00:00:00+00:00,955.3335832376291
2023-03-17 00:00:00+00:00,994.6440645165709
2023-03-18 00:00:00+00:00,985.908110157959
2023-03-19 00:00:00+00:00,998.8108503488746
2023-03-20 00:00:00+00:00,989.7264696847963
2023-03-21 00:00:00+00:00,1003.0639986861287
2023-03-22 00:00:00+00:00,947.452632725183
2023-03-23 00:00:00+00:00,988.6069913153337
2023-03-24 00:00:00+00:00,943.2657086156614
2023-03-25 00:00:00+00:00,947.533039119982
2023-03-26 00:00:00+00:00,965.138876145086
2023-03-27 00:00:00+00:00,953.5178770979051
2023-03-28 00:00:00+00:00,980.3913844805408
2023-03-29 00:00:00+00:00,1006.1521319553157
2023-03-30 00:00:00+00:00,998.4196470700239
2023-03-31 00:00:00+00:00,1008.922924770683
2023-04-01 00:00:00+00:00,995.5983658423676
2023-04-02 00:00:00+00:00,993.6672304836976
2023-04-03 00:00:00+00:00,982.0175012232368
2023-04-04 00:00:00+00:00,994.6161178507247
2023-04-05 00:00:00+00:00,994.7149199704982
2023-04-06 00:00:00+00:00,967.9392423593564
2023-04-07 00:00:00+00:00,958.5898921688937
2023-04-08 00:00:00+00:00,950.4386446267551
2023-04-09 00:00:00+00:00,955.0345173746874
2023-04-10 00:00:00+00:00,979.7769490484052
2023-04-11 00:00:00+00:00,981.5495708125577
2023-04-12 00:00:00+00:00,982.1545582144876
2023-04-13 00:00:00+00:00,1012.3231072498353
2023-04-14 00:00:00+00:00,1032.2640511075701
2023-04-15 00:00:00+00:00,1036.4264484925889
2023-04-16 00:00:00+00:00,1055.402661098154
2023-04-17 00:00:00+00:00,1042.8713503157323
2023-04-18 00:00:00+00:00,1074.2690990269564
2023-04-19 00:00:00+00:00,983.8693997829348
2023-04-20 00:00:00+00:00,956.5039662342172
2023-04-21 00:00:00+00:00,904.7919798435973
2023-04-22 00:00:00+00:00,913.0255137313591
2023-04-23 00:00:00+00:00,908.2385723080122
2023-04-24 00:00:00+00:00,904.8186463496563
2023-04-25 00:00:00+00:00,910.4577122161649
2023-04-26 00:00:00+00:00,903.586713026211
2023-04-27 00:00:00+00:00,903.4285853514314
2023-04-28 00:00:00+00:00,913.5376518322477
2023-04-29 00:00:00+00:00,911.9722375255758
2023-04-30 00:00:00+00:00,907.6647366860826
2023-05-01 00:00:00+00:00,899.7733028569818
2023-05-02 00:00:00+00:00,902.8369011412502
2023-05-03 00:00:00+00:00,902.6644699619364
2023-05-04 00:00:00+00:00,897.5799793205606
2023-05-05 00:00:00+00:00,908.7506856708969
2023-05-06 00:00:00+00:00,899.8193067476833
2023-05-07 00:00:00+00:00,897.1715727809132
2023-05-08 00:00:00+00:00,886.4135401662315
2023-05-09 00:00:00+00:00,886.2584177967025
2023-05-10 00:00:00+00:00,886.2584177967025
2023-05-11 00:00:00+00:00,886.2584177967025
2023-05-12 00:00:00+00:00,886.2584177967025
2023-05-13 00:00:00+00:00,886.2584177967025
2023-05-14 00:00:00+00:00,886.2584177967025
2023-05-15 00:00:00+00:00,886.2584177967025
2023-05-16 00:00:00+00:00,886.2584177967025
2023-05-17 00:00:00+00:00,886.2584177967025
2023-05-18 00:00:00+00:00,886.2584177967025
2023-05-19 00:00:00+00:00,886.2584177967025
2023-05-20 00:00:00+00:00,886.2584177967025
2023-05-21 00:00:00+00:00,886.2584177967025
2023-05-22 00:00:00+00:00,886.2584177967025
2023-05-23 00:00:00+00:00,886.2584177967025
2023-05-24 00:00:00+00:00,886.2584177967025
2023-05-25 00:00:00+00:00,886.2584177967025
2023-05-26 00:00:00+00:00,886.2584177967025
2023-05-27 00:00:00+00:00,886.2584177967025
2023-05-28 00:00:00+00:00,886.2584177967025
2023-05-29 00:00:00+00:00,886.2584177967025
2023-05-30 00:00:00+00:00,897.7398509049827
2023-05-31 00:00:00+00:00,896.303268923073
2023-06-01 00:00:00+00:00,890.2124698978156
2023-06-02 00:00:00+00:00,897.9403764975979
2023-06-03 00:00:00+00:00,893.7705088204065
2023-06-04 00:00:00+00:00,900.7197820562919
2023-06-05 00:00:00+00:00,880.0039903919384
2023-06-06 00:00:00+00:00,888.9779531426191
2023-06-07 00:00:00+00:00,884.0918298288566
2023-06-08 00:00:00+00:00,886.4289228661534
2023-06-09 00:00:00+00:00,892.3485613391551
2023-06-10 00:00:00+00:00,879.4666515574204
2023-06-11 00:00:00+00:00,885.6590350741584
2023-06-12 00:00:00+00:00,887.3718924821486
2023-06-13 00:00:00+00:00,884.9547118834513
2023-06-14 00:00:00+00:00,868.2483803651266
2023-06-15 00:00:00+00:00,868.2483803651266
2023-06-16 00:00:00+00:00,866.1335102720501
2023-06-17 00:00:00+00:00,867.8727760692518
2023-06-18 00:00:00+00:00,871.3033563731211
2023-06-19 00:00:00+00:00,874.1750318102528
2023-06-20 00:00:00+00:00,873.9048418915289
2023-06-21 00:00:00+00:00,877.1900035965958
2023-06-22 00:00:00+00:00,873.333265769031
2023-06-23 00:00:00+00:00,880.3057488875323
2023-06-24 00:00:00+00:00,874.8964370240793
2023-06-25 00:00:00+00:00,878.6504838175917
2023-06-26 00:00:00+00:00,867.4696041579878
2023-06-27 00:00:00+00:00,876.3033122902549
2023-06-28 00:00:00+00:00,856.1700075627641
2023-06-29 00:00:00+00:00,861.4527836897105
2023-06-30 00:00:00+00:00,871.0711274552096
2023-07-01 00:00:00+00:00,870.8514287895132
2023-07-02 00:00:00+00:00,872.5787618943558
2023-07-03 00:00:00+00:00,881.2417024265972
2023-07-04 00:00:00+00:00,872.8221944419122
2023-07-05 00:00:00+00:00,860.371699472213
2023-07-06 00:00:00+00:00,848.7067626152442
2023-07-07 00:00:00+00:00,854.8879884537591
2023-07-08 00:00:00+00:00,857.2441706505763
2023-07-09 00:00:00+00:00,851.6416003994781
2023-07-10 00:00:00+00:00,853.0674864928087
2023-07-11 00:00:00+00:00,861.8363667130651
2023-07-12 00:00:00+00:00,858.3414979624905
2023-07-13 00:00:00+00:00,905.6216545356436
2023-07-14 00:00:00+00:00,870.6667114753387
2023-07-15 00:00:00+00:00,873.5905564919501
2023-07-16 00:00:00+00:00,866.6634125750182
2023-07-17 00:00:00+00:00,874.0964487725868
2023-07-18 00:00:00+00:00,860.7882275029972
2023-07-19 00:00:00+00:00,877.3655514732827
2023-07-20 00:00:00+00:00,898.2677884114247
2023-07-21 00:00:00+00:00,893.2842963246351
2023-07-22 00:00:00+00:00,864.4342504958955
2023-07-23 00:00:00+00:00,871.3139403341327
2023-07-24 00:00:00+00:00,844.7989691340583
2023-07-25 00:00:00+00:00,859.4513249397987
2023-07-26 00:00:00+00:00,876.4264235727069
2023-07-27 00:00:00+00:00,879.2408959026802
2023-07-28 00:00:00+00:00,872.112321705691
2023-07-29 00:00:00+00:00,883.783294437995
2023-07-30 00:00:00+00:00,862.488325111234
2023-07-31 00:00:00+00:00,856.0671375692565
2023-08-01 00:00:00+00:00,864.9507720067576
2023-08-02 00:00:00+00:00,834.343699363916
2023-08-03 00:00:00+00:00,825.7522781105909
2023-08-04 00:00:00+00:00,826.051281538187
2023-08-05 00:00:00+00:00,834.8046191544388
2023-08-06 00:00:00+00:00,827.1678624222658
2023-08-07 00:00:00+00:00,831.6616872115635
2023-08-08 00:00:00+00:00,839.4219123770258
2023-08-09 00:00:00+00:00,846.9845426244193
2023-08-10 00:00:00+00:00,846.4838402019346
2023-08-11 00:00:00+00:00,842.6210789688469
2023-08-12 00:00:00+00:00,843.9133583921515
2023-08-13 00:00:00+00:00,836.4785834619431
2023-08-14 00:00:00+00:00,837.531609537426
2023-08-15 00:00:00+00:00,805.6678901776284
2023-08-16 00:00:00+00:00,796.26926756527
2023-08-17 00:00:00+00:00,786.1776563096321
2023-08-18 00:00:00+00:00,786.0400752197779
2023-08-19 00:00:00+00:00,786.0400752197779
2023-08-20 00:00:00+00:00,786.0400752197779
2023-08-21 00:00:00+00:00,786.0400752197779
2023-08-22 00:00:00+00:00,786.0400752197779
2023-08-23 00:00:00+00:00,786.0400752197779
2023-08-24 00:00:00+00:00,786.0400752197779
2023-08-25 00:00:00+00:00,786.0400752197779
2023-08-26 00:00:00+00:00,786.0400752197779
2023-08-27 00:00:00+00:00,786.0400752197779
2023-08-28 00:00:00+00:00,786.0400752197779
2023-08-29 00:00:00+00:00,786.0400752197779
2023-08-30 00:00:00+00:00,786.0400752197779
2023-08-31 00:00:00+00:00,786.0400752197779
2023-09-01 00:00:00+00:00,786.0400752197779
2023-09-02 00:00:00+00:00,786.0400752197779
2023-09-03 00:00:00+00:00,786.0400752197779
2023-09-04 00:00:00+00:00,786.0400752197779
2023-09-05 00:00:00+00:00,786.0400752197779
2023-09-06 00:00:00+00:00,786.0400752197779
2023-09-07 00:00:00+00:00,786.0400752197779
2023-09-08 00:00:00+00:00,786.0400752197779
2023-09-09 00:00:00+00:00,786.0400752197779
2023-09-10 00:00:00+00:00,786.0400752197779
2023-09-11 00:00:00+00:00,786.0400752197779
2023-09-12 00:00:00+00:00,786.0400752197779
2023-09-13 00:00:00+00:00,786.0400752197779
2023-09-14 00:00:00+00:00,786.0400752197779
2023-09-15 00:00:00+00:00,786.0400752197779
2023-09-16 00:00:00+00:00,786.0400752197779
2023-09-17 00:00:00+00:00,786.0400752197779
2023-09-18 00:00:00+00:00,786.0400752197779
2023-09-19 00:00:00+00:00,786.0400752197779
2023-09-20 00:00:00+00:00,786.0400752197779
2023-09-21 00:00:00+00:00,786.0400752197779
2023-09-22 00:00:00+00:00,786.0400752197779
2023-09-23 00:00:00+00:00,786.0400752197779
2023-09-24 00:00:00+00:00,786.0400752197779
2023-09-25 00:00:00+00:00,786.0400752197779
2023-09-26 00:00:00+00:00,782.3863846553082
2023-09-27 00:00:00+00:00,789.992181099232
2023-09-28 00:00:00+00:00,794.3345159030987
2023-09-29 00:00:00+00:00,797.8692992339893
2023-09-30 00:00:00+00:00,803.9426485627412
2023-10-01 00:00:00+00:00,800.6051698926159
2023-10-02 00:00:00+00:00,781.6457520348756
2023-10-03 00:00:00+00:00,781.6457520348756
2023-10-04 00:00:00+00:00,786.4792149066807
2023-10-05 00:00:00+00:00,775.0813011280568
2023-10-06 00:00:00+00:00,789.2404836406074
2023-10-07 00:00:00+00:00,785.6627957348283
2023-10-08 00:00:00+00:00,788.5831710746327
2023-10-09 00:00:00+00:00,766.5275846113484
2023-10-10 00:00:00+00:00,764.9275309648666
2023-10-11 00:00:00+00:00,763.8984257717482
2023-10-12 00:00:00+00:00,751.6697993924571
2023-10-13 00:00:00+00:00,758.8751995758233
2023-10-14 00:00:00+00:00,762.0455137719306
2023-10-15 00:00:00+00:00,766.0458776535532
2023-10-16 00:00:00+00:00,795.786721547184
2023-10-17 00:00:00+00:00,789.5685214259976
2023-10-18 00:00:00+00:00,785.8095594375503
2023-10-19 00:00:00+00:00,799.7187264882434
2023-10-20 00:00:00+00:00,830.4265708694757
2023-10-21 00:00:00+00:00,886.8047717158759
2023-10-22 00:00:00+00:00,917.1381379660443
2023-10-23 00:00:00+00:00,972.2262647417491
2023-10-24 00:00:00+00:00,963.6582909247595
2023-10-25 00:00:00+00:00,1001.4273648034305
2023-10-26 00:00:00+00:00,999.8242922726411
2023-10-27 00:00:00+00:00,981.996740752787
2023-10-28 00:00:00+00:00,990.1869363324656
2023-10-29 00:00:00+00:00,1009.0039380444653
2023-10-30 00:00:00+00:00,1030.1341703859598
2023-10-31 00:00:00+00:00,1048.0776372488144
2023-11-01 00:00:00+00:00,1094.9712642282866
2023-11-02 00:00:00+00:00,1067.2683291587905
2023-11-03 00:00:00+00:00,1071.3777347536561
2023-11-04 00:00:00+00:00,1094.532396665983
2023-11-05 00:00:00+00:00,1118.6686575240446
2023-11-06 00:00:00+00:00,1164.723693615415
2023-11-07 00:00:00+00:00,1142.021850081689
2023-11-08 00:00:00+00:00,1181.1870200535425
2023-11-09 00:00:00+00:00,1187.8832856621625
2023-11-10 00:00:00+00:00,1266.2113022213032
2023-11-11 00:00:00+00:00,1297.6455445398883
2023-11-12 00:00:00+00:00,1325.2748504209621
2023-11-13 00:00:00+00:00,1254.0322466491277
2023-11-14 00:00:00+00:00,1236.8518552633318
2023-11-15 00:00:00+00:00,1349.4576853870162
2023-11-16 00:00:00+00:00,1297.8558816985656
2023-11-17 00:00:00+00:00,1321.0764058452323
2023-11-18 00:00:00+00:00,1300.0059893194139
2023-11-19 00:00:00+00:00,1353.4325914846181
2023-11-20 00:00:00+00:00,1319.6871791773729
2023-11-21 00:00:00+00:00,1220.6685191837685
2023-11-22 00:00:00+00:00,1311.3825456769707
2023-11-23 00:00:00+00:00,1315.2122603994796
2023-11-24 00:00:00+00:00,1341.4254340643056
2023-11-25 00:00:00+00:00,1365.128230167424
2023-11-26 00:00:00+00:00,1344.3669144591966
2023-11-27 00:00:00+00:00,1303.5387645493372
2023-11-28 00:00:00+00:00,1336.21446440776
2023-11-29 00:00:00+00:00,1333.6980554384127
2023-11-30 00:00:00+00:00,1346.114369718787
2023-12-01 00:00:00+00:00,1370.4645807531836
2023-12-02 00:00:00+00:00,1424.7538527535871
2023-12-03 00:00:00+00:00,1415.7129157073975
2023-12-04 00:00:00+00:00,1468.5897622955852
2023-12-05 00:00:00+00:00,1506.4055429065695
2023-12-06 00:00:00+00:00,1499.1248470420105
2023-12-07 00:00:00+00:00,1549.4166596358302
2023-12-08 00:00:00+00:00,1648.194334244384
2023-12-09 00:00:00+00:00,1623.79034182172
2023-12-10 00:00:00+00:00,1679.2629202066073
2023-12-11 00:00:00+00:00,1566.9434781057173
2023-12-12 00:00:00+00:00,1596.2068031901554
2023-12-13 00:00:00+00:00,1616.8572508600046
2023-12-14 00:00:00+00:00,1642.2096327083048
2023-12-15 00:00:00+00:00,1578.518111636549
2023-12-16 00:00:00+00:00,1621.8784972011476
2023-12-17 00:00:00+00:00,1571.665788635103
2023-12-18 00:00:00+00:00,1588.073239691558
2023-12-19 00:00:00+00:00,1608.0710838637117
2023-12-20 00:00:00+00:00,1701.1288123872566
2023-12-21 00:00:00+00:00,1819.1594387748532
2023-12-22 00:00:00+00:00,1845.6650268715116
2023-12-23 00:00:00+00:00,1934.2832293585907
2023-12-24 00:00:00+00:00,1910.0501347929494
2023-12-25 00:00:00+00:00,2032.504828561615
2023-12-26 00:00:00+00:00,2007.7661285950205
2023-12-27 00:00:00+00:00,1970.8816183519527
2023-12-28 00:00:00+00:00,1887.7166919431857
2023-12-29 00:00:00+00:00,1886.6609121711867
2023-12-30 00:00:00+00:00,1866.545812325512
2023-12-31 00:00:00+00:00,1847.6966431260462
2024-01-01 00:00:00+00:00,1961.5400082600847
2024-01-02 00:00:00+00:00,1988.1091451850261
2024-01-03 00:00:00+00:00,1845.3802263183572
2024-01-04 00:00:00+00:00,1939.9559590074723
2024-01-05 00:00:00+00:00,1891.3604552214956
2024-01-06 00:00:00+00:00,1816.9570055342108
2024-01-07 00:00:00+00:00,1746.2094545751177
2024-01-08 00:00:00+00:00,1860.3755875137715
2024-01-09 00:00:00+00:00,1802.0411946879553
2024-01-10 00:00:00+00:00,1918.655400077943
2024-01-11 00:00:00+00:00,2029.9358846361577
2024-01-12 00:00:00+00:00,1958.7319415216996
2024-01-13 00:00:00+00:00,2044.2340659598722
2024-01-14 00:00:00+00:00,1983.5311054929755
2024-01-15 00:00:00+00:00,2022.5164706982612
2024-01-16 00:00:00+00:00,2007.594030105624
2024-01-17 00:00:00+00:00,2029.4560738653843
2024-01-18 00:00:00+00:00,1891.8342415401642
2024-01-19 00:00:00+00:00,1887.0904287955573
2024-01-20 00:00:00+00:00,1853.2478836325724
2024-01-21 00:00:00+00:00,1853.2478836325724
2024-01-22 00:00:00+00:00,1764.3461684320898
2024-01-23 00:00:00+00:00,1784.4764394529714
2024-01-24 00:00:00+00:00,1826.2154268381337
2024-01-25 00:00:00+00:00,1751.6352291542687
2024-01-26 00:00:00+00:00,1909.310186545416
2024-01-27 00:00:00+00:00,1892.35857188024
2024-01-28 00:00:00+00:00,1874.7825059901963
2024-01-29 00:00:00+00:00,1997.9962102778127
2024-01-30 00:00:00+00:00,2016.5795026120281
2024-01-31 00:00:00+00:00,2004.3714804549556
2024-02-01 00:00:00+00:00,2098.3817382187112
2024-02-02 00:00:00+00:00,2104.1655510301357
2024-02-03 00:00:00+00:00,2070.6639762593472
2024-02-04 00:00:00+00:00,2078.6318459695867
2024-02-05 00:00:00+00:00,2156.3247225586606
2024-02-06 00:00:00+00:00,2090.1019970967004
2024-02-07 00:00:00+00:00,2146.2274024414605
2024-02-08 00:00:00+00:00,2137.234618787049
2024-02-09 00:00:00+00:00,2265.5540897097617
2024-02-10 00:00:00+00:00,2310.187528748225
2024-02-11 00:00:00+00:00,2327.9453157965404
2024-02-12 00:00:00+00:00,2428.675241154346
2024-02-13 00:00:00+00:00,2403.1735941307884
2024-02-14 00:00:00+00:00,2503.734934493748
2024-02-15 00:00:00+00:00,2522.604979667162
2024-02-16 00:00:00+00:00,2479.8490051656113
2024-02-17 00:00:00+00:00,2458.5366362960085
2024-02-18 00:00:00+00:00,2508.100444414443
2024-02-19 00:00:00+00:00,2525.4023916157016
2024-02-20 00:00:00+00:00,2473.4969280604655
2024-02-21 00:00:00+00:00,2409.7252798909203
2024-02-22 00:00:00+00:00,2387.7790670643317
2024-02-23 00:00:00+00:00,2356.7780019019356
2024-02-24 00:00:00+00:00,2448.0060480622424
2024-02-25 00:00:00+00:00,2459.80487249245
2024-02-26 00:00:00+00:00,2564.4594913715155
2024-02-27 00:00:00+00:00,2594.89257366583
2024-02-28 00:00:00+00:00,2768.8531427240923
2024-02-29 00:00:00+00:00,2784.654540668077
2024-03-01 00:00:00+00:00,2900.480657154331
2024-03-02 00:00:00+00:00,2990.6185506988486
2024-03-03 00:00:00+00:00,2965.2626307503015
2024-03-04 00:00:00+00:00,3094.563782389246
2024-03-05 00:00:00+00:00,2941.4339872196565
2024-03-06 00:00:00+00:00,3180.023374256022
2024-03-07 00:00:00+00:00,3215.886351133006
2024-03-08 00:00:00+00:00,3237.490918821835
2024-03-09 00:00:00+00:00,3301.239509528626
2024-03-10 00:00:00+00:00,3277.215702803091
2024-03-11 00:00:00+00:00,3536.3990095841523
2024-03-12 00:00:00+00:00,3587.9874389649394
2024-03-13 00:00:00+00:00,3614.489760284637
2024-03-14 00:00:00+00:00,3708.3354741116036
2024-03-15 00:00:00+00:00,3630.3321648041306
2024-03-16 00:00:00+00:00,3357.1386981244045
2024-03-17 00:00:00+00:00,3618.011672054223
2024-03-18 00:00:00+00:00,3561.063219484516
2024-03-19 00:00:00+00:00,3272.1272304705994
2024-03-20 00:00:00+00:00,3546.7568098528473
2024-03-21 00:00:00+00:00,3486.573784323688
2024-03-22 00:00:00+00:00,3447.410087012103
2024-03-23 00:00:00+00:00,3445.28870328918
2024-03-24 00:00:00+00:00,3594.562377868896
2024-03-25 00:00:00+00:00,3705.8500906917357
2024-03-26 00:00:00+00:00,3784.8154585914567
2024-03-27 00:00:00+00:00,3779.6971385985644
2024-03-28 00:00:00+00:00,3848.4685500897644
2024-03-29 00:00:00+00:00,3783.072588460073
2024-03-30 00:00:00+00:00,3724.6698348269642
2024-03-31 00:00:00+00:00,3855.0988541441384
2024-04-01 00:00:00+00:00,3717.8634120060733
2024-04-02 00:00:00+00:00,3416.918151711066
2024-04-03 00:00:00+00:00,3358.719619850373
2024-04-04 00:00:00+00:00,3402.8136695246617
2024-04-05 00:00:00+00:00,3268.342973683283
2024-04-06 00:00:00+00:00,3345.685369698556
2024-04-07 00:00:00+00:00,3417.0071847176105
2024-04-08 00:00:00+00:00,3502.5432286691334
2024-04-09 00:00:00+00:00,3308.4704389887056
2024-04-10 00:00:00+00:00,3400.1410755190377
2024-04-11 00:00:00+00:00,3344.8736095317367
2024-04-12 00:00:00+00:00,3105.3319914777917
2024-04-13 00:00:00+00:00,2918.009179209588
2024-04-14 00:00:00+00:00,2916.5109951553527
2024-04-15 00:00:00+00:00,2916.5109951553527
2024-04-16 00:00:00+00:00,2916.5109951553527
2024-04-17 00:00:00+00:00,2916.5109951553527
2024-04-18 00:00:00+00:00,2916.5109951553527
2024-04-19 00:00:00+00:00,2916.5109951553527
2024-04-20 00:00:00+00:00,2916.5109951553527
2024-04-21 00:00:00+00:00,2916.5109951553527
2024-04-22 00:00:00+00:00,2916.5109951553527
2024-04-23 00:00:00+00:00,2916.5109951553527
2024-04-24 00:00:00+00:00,2916.5109951553527
2024-04-25 00:00:00+00:00,2916.5109951553527
2024-04-26 00:00:00+00:00,2916.5109951553527
2024-04-27 00:00:00+00:00,2916.5109951553527
2024-04-28 00:00:00+00:00,2916.5109951553527
2024-04-29 00:00:00+00:00,2916.5109951553527
2024-04-30 00:00:00+00:00,2916.5109951553527
2024-05-01 00:00:00+00:00,2916.5109951553527
2024-05-02 00:00:00+00:00,2916.5109951553527
2024-05-03 00:00:00+00:00,2916.5109951553527
2024-05-04 00:00:00+00:00,2916.5109951553527
2024-05-05 00:00:00+00:00,2916.5109951553527
2024-05-06 00:00:00+00:00,2888.6094433067597
2024-05-07 00:00:00+00:00,2858.1130991667414
2024-05-08 00:00:00+00:00,2808.2750151357927
2024-05-09 00:00:00+00:00,2918.987402399584
2024-05-10 00:00:00+00:00,2918.987402399584
2024-05-11 00:00:00+00:00,2895.1311140099597
2024-05-12 00:00:00+00:00,2881.212247608616
2024-05-13 00:00:00+00:00,2880.7080354652844
2024-05-14 00:00:00+00:00,2853.53435360801
2024-05-15 00:00:00+00:00,2958.4944898955996
2024-05-16 00:00:00+00:00,2947.307827909971
2024-05-17 00:00:00+00:00,3015.877593875667
2024-05-18 00:00:00+00:00,3016.246334772109
2024-05-19 00:00:00+00:00,2985.230889917004
2024-05-20 00:00:00+00:00,3167.2309387176865
2024-05-21 00:00:00+00:00,3118.527417610934
2024-05-22 00:00:00+00:00,3091.056869725405
2024-05-23 00:00:00+00:00,3023.6962608602375
2024-05-24 00:00:00+00:00,3053.015833583286
2024-05-25 00:00:00+00:00,3155.4226490456854
2024-05-26 00:00:00+00:00,3045.9318269123573
2024-05-27 00:00:00+00:00,3193.840651001707
2024-05-28 00:00:00+00:00,3122.544958534748
2024-05-29 00:00:00+00:00,3075.695888372038
2024-05-30 00:00:00+00:00,3000.50503665378
2024-05-31 00:00:00+00:00,3003.050200270873
2024-06-01 00:00:00+00:00,3038.70422106561
2024-06-02 00:00:00+00:00,2972.0730330672704
2024-06-03 00:00:00+00:00,2972.2308238418414
2024-06-04 00:00:00+00:00,3079.883526683364
2024-06-05 00:00:00+00:00,3115.378587215776
2024-06-06 00:00:00+00:00,3049.7060739638437
2024-06-07 00:00:00+00:00,2874.5870983508103
2024-06-08 00:00:00+00:00,2873.159139292663
2024-06-09 00:00:00+00:00,2881.4195882920035
2024-06-10 00:00:00+00:00,2873.5960409652216
2024-06-11 00:00:00+00:00,2873.0931616580524
2024-06-12 00:00:00+00:00,2873.0931616580524
2024-06-13 00:00:00+00:00,2873.0931616580524
2024-06-14 00:00:00+00:00,2873.0931616580524
2024-06-15 00:00:00+00:00,2873.0931616580524
2024-06-16 00:00:00+00:00,2873.0931616580524
2024-06-17 00:00:00+00:00,2873.0931616580524
2024-06-18 00:00:00+00:00,2873.0931616580524
2024-06-19 00:00:00+00:00,2873.0931616580524
2024-06-20 00:00:00+00:00,2873.0931616580524
2024-06-21 00:00:00+00:00,2873.0931616580524
2024-06-22 00:00:00+00:00,2873.0931616580524
2024-06-23 00:00:00+00:00,2873.0931616580524
2024-06-24 00:00:00+00:00,2873.0931616580524
2024-06-25 00:00:00+00:00,2873.0931616580524
2024-06-26 00:00:00+00:00,2873.0931616580524
2024-06-27 00:00:00+00:00,2873.0931616580524
2024-06-28 00:00:00+00:00,2873.0931616580524
2024-06-29 00:00:00+00:00,2873.0931616580524
2024-06-30 00:00:00+00:00,2873.0931616580524
2024-07-01 00:00:00+00:00,2873.0931616580524
2024-07-02 00:00:00+00:00,2873.0931616580524
2024-07-03 00:00:00+00:00,2873.0931616580524
2024-07-04 00:00:00+00:00,2873.0931616580524
2024-07-05 00:00:00+00:00,2873.0931616580524
2024-07-06 00:00:00+00:00,2873.0931616580524
2024-07-07 00:00:00+00:00,2873.0931616580524
2024-07-08 00:00:00+00:00,2873.0931616580524
2024-07-09 00:00:00+00:00,2873.0931616580524
2024-07-10 00:00:00+00:00,2873.0931616580524
2024-07-11 00:00:00+00:00,2873.0931616580524
2024-07-12 00:00:00+00:00,2873.0931616580524
2024-07-13 00:00:00+00:00,2873.0931616580524
2024-07-14 00:00:00+00:00,2873.0931616580524
2024-07-15 00:00:00+00:00,2873.0931616580524
2024-07-16 00:00:00+00:00,2873.0931616580524
2024-07-17 00:00:00+00:00,2849.743348863064
2024-07-18 00:00:00+00:00,2801.9945387081816
2024-07-19 00:00:00+00:00,2865.5295334617163
2024-07-20 00:00:00+00:00,2917.4325762770586
2024-07-21 00:00:00+00:00,2989.424701741588
2024-07-22 00:00:00+00:00,2914.6821912148957
2024-07-23 00:00:00+00:00,2837.9699162414904
2024-07-24 00:00:00+00:00,2829.3599320589174
2024-07-25 00:00:00+00:00,2727.970684385495
2024-07-26 00:00:00+00:00,2820.1530225643683
2024-07-27 00:00:00+00:00,2809.475852580477
2024-07-28 00:00:00+00:00,2827.0345750308143
2024-07-29 00:00:00+00:00,2814.415428464877
2024-07-30 00:00:00+00:00,2816.6009791261067
2024-07-31 00:00:00+00:00,2755.8036183364306
2024-08-01 00:00:00+00:00,2716.0240097509004
2024-08-02 00:00:00+00:00,2575.8526037707306
2024-08-03 00:00:00+00:00,2519.1530264651287
2024-08-04 00:00:00+00:00,2480.7718321942407
2024-08-05 00:00:00+00:00,2480.3376971236066
2024-08-06 00:00:00+00:00,2480.3376971236066
2024-08-07 00:00:00+00:00,2480.3376971236066
2024-08-08 00:00:00+00:00,2480.3376971236066
2024-08-09 00:00:00+00:00,2480.3376971236066
2024-08-10 00:00:00+00:00,2480.3376971236066
2024-08-11 00:00:00+00:00,2480.3376971236066
2024-08-12 00:00:00+00:00,2480.3376971236066
2024-08-13 00:00:00+00:00,2480.3376971236066
2024-08-14 00:00:00+00:00,2480.3376971236066
2024-08-15 00:00:00+00:00,2480.3376971236066
2024-08-16 00:00:00+00:00,2480.3376971236066
2024-08-17 00:00:00+00:00,2480.3376971236066
2024-08-18 00:00:00+00:00,2480.3376971236066
2024-08-19 00:00:00+00:00,2480.3376971236066
2024-08-20 00:00:00+00:00,2480.3376971236066
2024-08-21 00:00:00+00:00,2480.3376971236066
2024-08-22 00:00:00+00:00,2480.3376971236066
2024-08-23 00:00:00+00:00,2480.3376971236066
2024-08-24 00:00:00+00:00,2480.3376971236066
2024-08-25 00:00:00+00:00,2480.3376971236066
2024-08-26 00:00:00+00:00,2480.3376971236066
2024-08-27 00:00:00+00:00,2480.3376971236066
2024-08-28 00:00:00+00:00,2480.3376971236066
2024-08-29 00:00:00+00:00,2480.3376971236066
2024-08-30 00:00:00+00:00,2480.3376971236066
2024-08-31 00:00:00+00:00,2480.3376971236066
2024-09-01 00:00:00+00:00,2480.3376971236066
2024-09-02 00:00:00+00:00,2480.3376971236066
2024-09-03 00:00:00+00:00,2480.3376971236066
2024-09-04 00:00:00+00:00,2480.3376971236066
2024-09-05 00:00:00+00:00,2480.3376971236066
2024-09-06 00:00:00+00:00,2480.3376971236066
2024-09-07 00:00:00+00:00,2480.3376971236066
2024-09-08 00:00:00+00:00,2480.3376971236066
2024-09-09 00:00:00+00:00,2480.3376971236066
2024-09-10 00:00:00+00:00,2480.3376971236066
2024-09-11 00:00:00+00:00,2480.3376971236066
2024-09-12 00:00:00+00:00,2480.3376971236066
2024-09-13 00:00:00+00:00,2473.101326212905
2024-09-14 00:00:00+00:00,2483.2074028524207
2024-09-15 00:00:00+00:00,2503.472904584488
2024-09-16 00:00:00+00:00,2482.1213233087137
2024-09-17 00:00:00+00:00,2557.878553447131
2024-09-18 00:00:00+00:00,2637.135375445782
2024-09-19 00:00:00+00:00,2669.8486985962886
2024-09-20 00:00:00+00:00,2713.5976694404562
2024-09-21 00:00:00+00:00,2719.1832933857863
2024-09-22 00:00:00+00:00,2755.904540527413
2024-09-23 00:00:00+00:00,2729.1255751136696
2024-09-24 00:00:00+00:00,2855.2903791033045
2024-09-25 00:00:00+00:00,2802.7616557342108
2024-09-26 00:00:00+00:00,2814.9132760744724
2024-09-27 00:00:00+00:00,2892.1815192341455
2024-09-28 00:00:00+00:00,2882.138114706129
2024-09-29 00:00:00+00:00,2937.243966280816
2024-09-30 00:00:00+00:00,2696.563922421332
2024-10-01 00:00:00+00:00,2457.7689934052787
2024-10-02 00:00:00+00:00,2389.360340282298
2024-10-03 00:00:00+00:00,2358.4581614268404
2024-10-04 00:00:00+00:00,2470.3435570488177
2024-10-05 00:00:00+00:00,2423.766986972879
2024-10-06 00:00:00+00:00,2490.0138318365503
2024-10-07 00:00:00+00:00,2553.832488495014
2024-10-08 00:00:00+00:00,2572.4279286849414
2024-10-09 00:00:00+00:00,2429.933328256845
2024-10-10 00:00:00+00:00,2383.6148024809936
2024-10-11 00:00:00+00:00,2485.1890097976593
2024-10-12 00:00:00+00:00,2645.1939992776065
2024-10-13 00:00:00+00:00,2692.3828609761244
2024-10-14 00:00:00+00:00,2664.3485706232987
2024-10-15 00:00:00+00:00,2604.0314283507073
2024-10-16 00:00:00+00:00,2583.5319921195314
2024-10-17 00:00:00+00:00,2576.541396559621
2024-10-18 00:00:00+00:00,2660.6477386791303
2024-10-19 00:00:00+00:00,2654.3904274064157
2024-10-20 00:00:00+00:00,2722.835536937005
2024-10-21 00:00:00+00:00,2648.8126184183548
2024-10-22 00:00:00+00:00,2630.218968340375
2024-10-23 00:00:00+00:00,2599.001277628971
2024-10-24 00:00:00+00:00,2652.449674807104
2024-10-25 00:00:00+00:00,2351.3462049920026
2024-10-26 00:00:00+00:00,2425.8282115717334
2024-10-27 00:00:00+00:00,2477.6995088015524
2024-10-28 00:00:00+00:00,2576.0002434552366
2024-10-29 00:00:00+00:00,2662.8796278281584
2024-10-30 00:00:00+00:00,2596.346539032931
2024-10-31 00:00:00+00:00,2483.050819547325
2024-11-01 00:00:00+00:00,2445.972020620026
2024-11-02 00:00:00+00:00,2446.2675891566214
2024-11-03 00:00:00+00:00,2396.0611499867773
2024-11-04 00:00:00+00:00,2398.4835883188803
2024-11-05 00:00:00+00:00,2489.306592623286
2024-11-06 00:00:00+00:00,2716.9016006904158
2024-11-07 00:00:00+00:00,2747.914806193103
2024-11-08 00:00:00+00:00,2787.797076927561
2024-11-09 00:00:00+00:00,2988.2215859360194
2024-11-10 00:00:00+00:00,3449.9257209930397
2024-11-11 00:00:00+00:00,4307.3952683039315
2024-11-12 00:00:00+00:00,4195.535589376902
2024-11-13 00:00:00+00:00,4170.380047052365
2024-11-14 00:00:00+00:00,4051.036402410334
2024-11-15 00:00:00+00:00,4528.142817808582
2024-11-16 00:00:00+00:00,4949.487930003077
2024-11-17 00:00:00+00:00,4832.988350976044
2024-11-18 00:00:00+00:00,5135.28342917672
2024-11-19 00:00:00+00:00,5019.987062078302
2024-11-20 00:00:00+00:00,4838.558787374359
2024-11-21 00:00:00+00:00,5420.5757292414355
2024-11-22 00:00:00+00:00,6115.2226345083
2024-11-23 00:00:00+00:00,6168.260975508826
2024-11-24 00:00:00+00:00,6273.6955473119515
2024-11-25 00:00:00+00:00,5731.360331717858
2024-11-26 00:00:00+00:00,5815.250360244853
2024-11-27 00:00:00+00:00,6353.551518569973
2024-11-28 00:00:00+00:00,6340.936865878793
2024-11-29 00:00:00+00:00,6830.569374376115
2024-11-30 00:00:00+00:00,6994.817573592595
2024-12-01 00:00:00+00:00,7307.17635920547
2024-12-02 00:00:00+00:00,8312.09848761847
2024-12-03 00:00:00+00:00,8263.887703059352
2024-12-04 00:00:00+00:00,8412.986649351322
2024-12-05 00:00:00+00:00,8386.45621247005
2024-12-06 00:00:00+00:00,9187.11210003304
2024-12-07 00:00:00+00:00,9242.924559072693
2024-12-08 00:00:00+00:00,9498.69652219151
2024-12-09 00:00:00+00:00,7111.886682063113
2024-12-10 00:00:00+00:00,6970.1144987528005
2024-12-11 00:00:00+00:00,7983.638967859771
2024-12-12 00:00:00+00:00,8645.573780351837
2024-12-13 00:00:00+00:00,8816.15030472839
2024-12-14 00:00:00+00:00,8440.739909239523
2024-12-15 00:00:00+00:00,8797.397900958147
2024-12-16 00:00:00+00:00,8797.397900958147
2024-12-17 00:00:00+00:00,8574.819015805242
2024-12-18 00:00:00+00:00,7491.629146733957
2024-12-19 00:00:00+00:00,7003.194529104659
2024-12-20 00:00:00+00:00,7296.996229680286
2024-12-21 00:00:00+00:00,7066.397123416305
2024-12-22 00:00:00+00:00,7008.741106339019
2024-12-23 00:00:00+00:00,7164.866569185035
2024-12-24 00:00:00+00:00,7123.114950065146
2024-12-25 00:00:00+00:00,7081.892145848157
2024-12-26 00:00:00+00:00,6965.117437080976
2024-12-27 00:00:00+00:00,6963.8985415294865
2024-12-28 00:00:00+00:00,6963.8985415294865
2024-12-29 00:00:00+00:00,6963.8985415294865
2024-12-30 00:00:00+00:00,7000.544706807758
2024-12-31 00:00:00+00:00,6975.848326805985
2025-01-01 00:00:00+00:00,6974.627553348793
2025-01-02 00:00:00+00:00,6974.627553348793
2025-01-03 00:00:00+00:00,6974.627553348793
2025-01-04 00:00:00+00:00,7079.369295405452
2025-01-05 00:00:00+00:00,7064.813019911496
2025-01-06 00:00:00+00:00,7011.983491609898
2025-01-07 00:00:00+00:00,6907.394892188999
2025-01-08 00:00:00+00:00,6946.8399424354075
2025-01-09 00:00:00+00:00,6895.777979145639
2025-01-10 00:00:00+00:00,7030.706103758637
2025-01-11 00:00:00+00:00,6978.444549172598
2025-01-12 00:00:00+00:00,6844.980983111798
2025-01-13 00:00:00+00:00,6863.374530391049
2025-01-14 00:00:00+00:00,6902.158548813122
2025-01-15 00:00:00+00:00,7304.98124687468
2025-01-16 00:00:00+00:00,7330.514536755074
2025-01-17 00:00:00+00:00,7392.276512937738
2025-01-18 00:00:00+00:00,7647.191923686357
2025-01-19 00:00:00+00:00,6981.617880730607
2025-01-20 00:00:00+00:00,7011.750588192962
2025-01-21 00:00:00+00:00,7469.378511301089
2025-01-22 00:00:00+00:00,7265.288539014451
2025-01-23 00:00:00+00:00,7109.210931234721
2025-01-24 00:00:00+00:00,7080.592953544295
2025-01-25 00:00:00+00:00,7086.385911017865
2025-01-26 00:00:00+00:00,6886.70275232862
2025-01-27 00:00:00+00:00,6810.225111556931
2025-01-28 00:00:00+00:00,6630.148694942408
2025-01-29 00:00:00+00:00,6760.51657672124
2025-01-30 00:00:00+00:00,6942.266143237797
2025-01-31 00:00:00+00:00,6855.165592688931
2025-02-01 00:00:00+00:00,6447.0532361862515
2025-02-02 00:00:00+00:00,5985.047773669662
2025-02-03 00:00:00+00:00,6292.495907020539
2025-02-04 00:00:00+00:00,5943.302974939173
2025-02-05 00:00:00+00:00,5864.8125722852765
2025-02-06 00:00:00+00:00,5863.786230085127
2025-02-07 00:00:00+00:00,5863.786230085127
2025-02-08 00:00:00+00:00,5863.786230085127
2025-02-09 00:00:00+00:00,5863.786230085127
2025-02-10 00:00:00+00:00,5863.786230085127
2025-02-11 00:00:00+00:00,5863.786230085127
2025-02-12 00:00:00+00:00,5863.786230085127
2025-02-13 00:00:00+00:00,5863.786230085127
2025-02-14 00:00:00+00:00,5863.786230085127
2025-02-15 00:00:00+00:00,5863.786230085127
2025-02-16 00:00:00+00:00,5863.786230085127
2025-02-17 00:00:00+00:00,5863.786230085127
2025-02-18 00:00:00+00:00,5863.786230085127
2025-02-19 00:00:00+00:00,5863.786230085127
2025-02-20 00:00:00+00:00,5863.786230085127
2025-02-21 00:00:00+00:00,5863.786230085127
2025-02-22 00:00:00+00:00,5863.786230085127
2025-02-23 00:00:00+00:00,5863.786230085127
2025-02-24 00:00:00+00:00,5863.786230085127
2025-02-25 00:00:00+00:00,5863.786230085127
2025-02-26 00:00:00+00:00,5863.786230085127
2025-02-27 00:00:00+00:00,5863.786230085127
2025-02-28 00:00:00+00:00,5863.786230085127
2025-03-01 00:00:00+00:00,5863.786230085127
2025-03-02 00:00:00+00:00,5863.786230085127
2025-03-03 00:00:00+00:00,5587.168721097999
2025-03-04 00:00:00+00:00,5586.190966571807
2025-03-05 00:00:00+00:00,5586.190966571807
2025-03-06 00:00:00+00:00,5586.190966571807
2025-03-07 00:00:00+00:00,5586.190966571807
2025-03-08 00:00:00+00:00,5586.190966571807
2025-03-09 00:00:00+00:00,5586.190966571807
2025-03-10 00:00:00+00:00,5586.190966571807
2025-03-11 00:00:00+00:00,5586.190966571807
2025-03-12 00:00:00+00:00,5586.190966571807
2025-03-13 00:00:00+00:00,5586.190966571807
2025-03-14 00:00:00+00:00,5586.190966571807
2025-03-15 00:00:00+00:00,5586.190966571807
2025-03-16 00:00:00+00:00,5586.190966571807
2025-03-17 00:00:00+00:00,5586.190966571807
2025-03-18 00:00:00+00:00,5586.190966571807
2025-03-19 00:00:00+00:00,5586.190966571807
2025-03-20 00:00:00+00:00,5586.190966571807
2025-03-21 00:00:00+00:00,5586.190966571807
2025-03-22 00:00:00+00:00,5586.190966571807
2025-03-23 00:00:00+00:00,5586.190966571807
2025-03-24 00:00:00+00:00,5586.190966571807
2025-03-25 00:00:00+00:00,5586.190966571807
2025-03-26 00:00:00+00:00,5586.190966571807
2025-03-27 00:00:00+00:00,5586.190966571807
2025-03-28 00:00:00+00:00,5586.190966571807
2025-03-29 00:00:00+00:00,5586.190966571807
2025-03-30 00:00:00+00:00,5586.190966571807
2025-03-31 00:00:00+00:00,5586.190966571807
2025-04-01 00:00:00+00:00,5586.190966571807
2025-04-02 00:00:00+00:00,5586.190966571807
2025-04-03 00:00:00+00:00,5586.190966571807
2025-04-04 00:00:00+00:00,5586.190966571807
2025-04-05 00:00:00+00:00,5586.190966571807
2025-04-06 00:00:00+00:00,5586.190966571807
2025-04-07 00:00:00+00:00,5586.190966571807
2025-04-08 00:00:00+00:00,5586.190966571807
2025-04-09 00:00:00+00:00,5586.190966571807
2025-04-10 00:00:00+00:00,5586.190966571807
2025-04-11 00:00:00+00:00,5586.190966571807
2025-04-12 00:00:00+00:00,5586.190966571807
2025-04-13 00:00:00+00:00,5586.190966571807
2025-04-14 00:00:00+00:00,5586.190966571807
2025-04-15 00:00:00+00:00,5586.190966571807
2025-04-16 00:00:00+00:00,5586.190966571807
2025-04-17 00:00:00+00:00,5586.190966571807
2025-04-18 00:00:00+00:00,5586.190966571807
2025-04-19 00:00:00+00:00,5586.190966571807
2025-04-20 00:00:00+00:00,5586.190966571807
2025-04-21 00:00:00+00:00,5586.190966571807
2025-04-22 00:00:00+00:00,5586.190966571807
2025-04-23 00:00:00+00:00,5586.190966571807
2025-04-24 00:00:00+00:00,5589.335187295156
2025-04-25 00:00:00+00:00,5598.879758137477
2025-04-26 00:00:00+00:00,5598.58531979325
2025-04-27 00:00:00+00:00,5599.667981663759
2025-04-28 00:00:00+00:00,5605.972341039663
2025-04-29 00:00:00+00:00,5560.394381387964
2025-04-30 00:00:00+00:00,5519.677563661475
2025-05-01 00:00:00+00:00,5585.572467438055
2025-05-02 00:00:00+00:00,5539.9157247150715
2025-05-03 00:00:00+00:00,5474.6960640585385
2025-05-04 00:00:00+00:00,5407.87914052094
2025-05-05 00:00:00+00:00,5459.458676408072
2025-05-06 00:00:00+00:00,5457.631787561499
2025-05-07 00:00:00+00:00,5454.846879863285
2025-05-08 00:00:00+00:00,5830.9168055620985
2025-05-09 00:00:00+00:00,5805.5650544528235
2025-05-10 00:00:00+00:00,5973.94527268019
2025-05-11 00:00:00+00:00,5820.964115600495
2025-05-12 00:00:00+00:00,5900.860748493867
2025-05-13 00:00:00+00:00,6117.878530406824
2025-05-14 00:00:00+00:00,5847.142204825365
2025-05-15 00:00:00+00:00,5466.832125726929
2025-05-16 00:00:00+00:00,5402.694034358231
2025-05-17 00:00:00+00:00,5268.786425522016
2025-05-18 00:00:00+00:00,5632.951250820226
2025-05-19 00:00:00+00:00,5460.882117403596
2025-05-20 00:00:00+00:00,5484.810019738201
2025-05-21 00:00:00+00:00,5708.107961481359
2025-05-22 00:00:00+00:00,5983.650743507933
2025-05-23 00:00:00+00:00,5366.752227877444
2025-05-24 00:00:00+00:00,5407.371076727994
2025-05-25 00:00:00+00:00,5444.750266329681
2025-05-26 00:00:00+00:00,5397.546583472828
2025-05-27 00:00:00+00:00,5563.4196153638895
2025-05-28 00:00:00+00:00,5422.492382810203
2025-05-29 00:00:00+00:00,5286.759616871393
2025-05-30 00:00:00+00:00,5084.172170237347
2025-05-31 00:00:00+00:00,5081.502979847973
2025-06-01 00:00:00+00:00,5097.87261616327
2025-06-02 00:00:00+00:00,5135.025341693553
2025-06-03 00:00:00+00:00,5128.365153494613
2025-06-04 00:00:00+00:00,5119.894109520528
2025-06-05 00:00:00+00:00,4984.999597259011
2025-06-06 00:00:00+00:00,4983.254847399971
2025-06-07 00:00:00+00:00,4983.254847399971
2025-06-08 00:00:00+00:00,4983.254847399971
2025-06-09 00:00:00+00:00,4983.254847399971
2025-06-10 00:00:00+00:00,4983.254847399971
2025-06-11 00:00:00+00:00,4962.646051630895
2025-06-12 00:00:00+00:00,4904.831392668678
2025-06-13 00:00:00+00:00,4875.186955270694
2025-06-14 00:00:00+00:00,4852.4626493385995
2025-06-15 00:00:00+00:00,4851.613468374965
2025-06-16 00:00:00+00:00,4851.613468374965
2025-06-17 00:00:00+00:00,4851.613468374965
2025-06-18 00:00:00+00:00,4851.613468374965
2025-06-19 00:00:00+00:00,4851.613468374965
2025-06-20 00:00:00+00:00,4851.613468374965
2025-06-21 00:00:00+00:00,4851.613468374965
2025-06-22 00:00:00+00:00,4851.613468374965
2025-06-23 00:00:00+00:00,4851.613468374965
2025-06-24 00:00:00+00:00,4851.613468374965
2025-06-25 00:00:00+00:00,4851.613468374965
2025-06-26 00:00:00+00:00,4851.613468374965
2025-06-27 00:00:00+00:00,4851.613468374965
2025-06-28 00:00:00+00:00,4851.613468374965
2025-06-29 00:00:00+00:00,4851.613468374965
2025-06-30 00:00:00+00:00,4851.613468374965
2025-07-01 00:00:00+00:00,4851.613468374965
2025-07-02 00:00:00+00:00,4851.613468374965
2025-07-03 00:00:00+00:00,4859.136759986751
2025-07-04 00:00:00+00:00,4801.417687536224
2025-07-05 00:00:00+00:00,4802.867124683298
2025-07-06 00:00:00+00:00,4813.905283793701
2025-07-07 00:00:00+00:00,4789.669742227815
2025-07-08 00:00:00+00:00,4851.5896631408295
2025-07-09 00:00:00+00:00,4997.588957768594
2025-07-10 00:00:00+00:00,5208.792577354908
2025-07-11 00:00:00+00:00,5324.556252758331
2025-07-12 00:00:00+00:00,5319.129417031343
2025-07-13 00:00:00+00:00,5433.294492205241
2025-07-14 00:00:00+00:00,5686.23123333922
2025-07-15 00:00:00+00:00,5827.498208742033
2025-07-16 00:00:00+00:00,6086.815674683884
2025-07-17 00:00:00+00:00,6529.751918372034
2025-07-18 00:00:00+00:00,6521.671046771512
2025-07-19 00:00:00+00:00,6724.169873012501
2025-07-20 00:00:00+00:00,7191.913822381075
2025-07-21 00:00:00+00:00,7451.801538185811
2025-07-22 00:00:00+00:00,7636.6182388788275
2025-07-23 00:00:00+00:00,6525.007441241121
2025-07-24 00:00:00+00:00,6525.007441241121
2025-07-25 00:00:00+00:00,6660.177000804842
2025-07-26 00:00:00+00:00,6738.195139128496
2025-07-27 00:00:00+00:00,6935.4899093690865
2025-07-28 00:00:00+00:00,6610.9049956721665
2025-07-29 00:00:00+00:00,6532.576807489981
2025-07-30 00:00:00+00:00,6434.22192331012
2025-07-31 00:00:00+00:00,6210.049227955406
2025-08-01 00:00:00+00:00,5931.120931195222
2025-08-02 00:00:00+00:00,5709.916485072764
2025-08-03 00:00:00+00:00,5749.319873936125
2025-08-04 00:00:00+00:00,5841.308492968041
2025-08-05 00:00:00+00:00,5798.545491503581
2025-08-06 00:00:00+00:00,5826.925579428573
2025-08-07 00:00:00+00:00,5916.958009345177
2025-08-08 00:00:00+00:00,5955.255332943729
2025-08-09 00:00:00+00:00,6201.928469292631
2025-08-10 00:00:00+00:00,6206.477551318107
2025-08-11 00:00:00+00:00,6125.813618542408
2025-08-12 00:00:00+00:00,6443.499436748384
2025-08-13 00:00:00+00:00,6647.951369664041
2025-08-14 00:00:00+00:00,6246.596935463157
2025-08-15 00:00:00+00:00,6148.060286991011
2025-08-16 00:00:00+00:00,6230.520835523021
2025-08-17 00:00:00+00:00,6388.329935376243
2025-08-18 00:00:00+00:00,6196.262507843779
2025-08-19 00:00:00+00:00,5860.454772290587
2025-08-20 00:00:00+00:00,6314.917506657044
2025-08-21 00:00:00+00:00,6061.862736867283
2025-08-22 00:00:00+00:00,6755.111074170126
2025-08-23 00:00:00+00:00,6716.955668399745
2025-08-24 00:00:00+00:00,6647.309931476297
2025-08-25 00:00:00+00:00,6029.612029060663
2025-08-26 00:00:00+00:00,6293.0643996468925
2025-08-27 00:00:00+00:00,6296.784319144705
2025-08-28 00:00:00+00:00,6511.355638722454
2025-08-29 00:00:00+00:00,6180.848534922244
2025-08-30 00:00:00+00:00,6172.331690676739
2025-08-31 00:00:00+00:00,6143.165527136397
2025-09-01 00:00:00+00:00,6069.609596141303
2025-09-02 00:00:00+00:00,6233.752484985499
2025-09-03 00:00:00+00:00,6345.487998828592
2025-09-04 00:00:00+00:00,6072.704080267661
2025-09-05 00:00:00+00:00,6081.8129239891305
2025-09-06 00:00:00+00:00,6044.949947817492
2025-09-07 00:00:00+00:00,6102.970919830783
2025-09-08 00:00:00+00:00,6282.671388676822
2025-09-09 00:00:00+00:00,6340.199950591628
2025-09-10 00:00:00+00:00,6651.67541066658
2025-09-11 00:00:00+00:00,6780.635550641316
2025-09-12 00:00:00+00:00,7056.42315748535
2025-09-13 00:00:00+00:00,7162.456912262934
2025-09-14 00:00:00+00:00,6988.005136145239
2025-09-15 00:00:00+00:00,6859.3111899865735
2025-09-16 00:00:00+00:00,6945.034904956283
2025-09-17 00:00:00+00:00,7221.104854919103
2025-09-18 00:00:00+00:00,7549.701569611117
2025-09-19 00:00:00+00:00,7317.891112136839
2025-09-20 00:00:00+00:00,7331.170846563114
2025-09-21 00:00:00+00:00,7250.728584472551
2025-09-22 00:00:00+00:00,6937.202754490893
2025-09-23 00:00:00+00:00,6865.255673248504
2025-09-24 00:00:00+00:00,6872.053107272457
2025-09-25 00:00:00+00:00,6227.865099093153
2025-09-26 00:00:00+00:00,6249.345504583199
2025-09-27 00:00:00+00:00,6201.35016088272
2025-09-28 00:00:00+00:00,6352.4069209685895
2025-09-29 00:00:00+00:00,6343.723163393498
2025-09-30 00:00:00+00:00,6227.094802244803
2025-10-01 00:00:00+00:00,6492.7578713958665
2025-10-02 00:00:00+00:00,6693.757232750404
2025-10-03 00:00:00+00:00,6772.546178969081
2025-10-04 00:00:00+00:00,6606.942093112655
2025-10-05 00:00:00+00:00,6691.507993394094
2025-10-06 00:00:00+00:00,6798.562069031626
2025-10-07 00:00:00+00:00,6496.599322660972
2025-10-08 00:00:00+00:00,6543.863674128175
2025-10-09 00:00:00+00:00,6363.200768544208
2025-10-10 00:00:00+00:00,5192.784553649944
2025-10-11 00:00:00+00:00,5165.16982485843
2025-10-12 00:00:00+00:00,5215.337074947359
2025-10-13 00:00:00+00:00,5217.6483429376685
2025-10-14 00:00:00+00:00,5193.477392123395
2025-10-15 00:00:00+00:00,5167.417381054998
2025-10-16 00:00:00+00:00,5166.513083013314
2025-10-17 00:00:00+00:00,5166.513083013314
2025-10-18 00:00:00+00:00,5166.513083013314
2025-10-19 00:00:00+00:00,5166.513083013314
2025-10-20 00:00:00+00:00,5166.513083013314
2025-10-21 00:00:00+00:00,5166.513083013314
2025-10-22 00:00:00+00:00,5166.513083013314
2025-10-23 00:00:00+00:00,5166.513083013314
2025-10-24 00:00:00+00:00,5166.513083013314
2025-10-25 00:00:00+00:00,5166.513083013314
2025-10-26 00:00:00+00:00,5166.513083013314
2025-10-27 00:00:00+00:00,5166.513083013314
2025-10-28 00:00:00+00:00,5166.513083013314
2025-10-29 00:00:00+00:00,5166.513083013314
2025-10-30 00:00:00+00:00,5166.513083013314
2025-10-31 00:00:00+00:00,5166.513083013314
2025-11-01 00:00:00+00:00,5166.513083013314
2025-11-02 00:00:00+00:00,5166.513083013314
2025-11-03 00:00:00+00:00,5166.513083013314
2025-11-04 00:00:00+00:00,5166.513083013314
2025-11-05 00:00:00+00:00,5166.513083013314
2025-11-06 00:00:00+00:00,5166.513083013314
2025-11-07 00:00:00+00:00,5166.513083013314
2025-11-08 00:00:00+00:00,5166.513083013314
2025-11-09 00:00:00+00:00,5166.513083013314
2025-11-10 00:00:00+00:00,5044.558287194367
2025-11-11 00:00:00+00:00,5044.558287194367
2025-11-12 00:00:00+00:00,5044.558287194367
2025-11-13 00:00:00+00:00,5044.558287194367
2025-11-14 00:00:00+00:00,5044.558287194367
2025-11-15 00:00:00+00:00,5044.558287194367
2025-11-16 00:00:00+00:00,5044.558287194367
2025-11-17 00:00:00+00:00,5044.558287194367
2025-11-18 00:00:00+00:00,5044.558287194367
2025-11-19 00:00:00+00:00,5044.558287194367
2025-11-20 00:00:00+00:00,5044.558287194367
2025-11-21 00:00:00+00:00,5044.558287194367
2025-11-22 00:00:00+00:00,5044.558287194367
2025-11-23 00:00:00+00:00,5044.558287194367
2025-11-24 00:00:00+00:00,5044.558287194367
2025-11-25 00:00:00+00:00,5044.558287194367
2025-11-26 00:00:00+00:00,5044.558287194367
2025-11-27 00:00:00+00:00,5044.558287194367
2025-11-28 00:00:00+00:00,5044.558287194367
2025-11-29 00:00:00+00:00,5044.558287194367
2025-11-30 00:00:00+00:00,5044.558287194367
2025-12-01 00:00:00+00:00,5044.558287194367
2025-12-02 00:00:00+00:00,5044.558287194367
2025-12-03 00:00:00+00:00,5044.558287194367
2025-12-04 00:00:00+00:00,5044.558287194367
2025-12-05 00:00:00+00:00,5044.558287194367
2025-12-06 00:00:00+00:00,5044.558287194367
2025-12-07 00:00:00+00:00,5044.558287194367
2025-12-08 00:00:00+00:00,5044.558287194367
2025-12-09 00:00:00+00:00,5044.558287194367
2025-12-10 00:00:00+00:00,5044.558287194367
2025-12-11 00:00:00+00:00,5044.558287194367
2025-12-12 00:00:00+00:00,5044.558287194367
2025-12-13 00:00:00+00:00,5044.558287194367
2025-12-14 00:00:00+00:00,5044.558287194367
2025-12-15 00:00:00+00:00,5044.558287194367
2025-12-16 00:00:00+00:00,5044.558287194367
2025-12-17 00:00:00+00:00,5044.558287194367
2025-12-18 00:00:00+00:00,5044.558287194367
2025-12-19 00:00:00+00:00,5044.558287194367
2025-12-20 00:00:00+00:00,5044.558287194367
2025-12-21 00:00:00+00:00,5044.558287194367
2025-12-22 00:00:00+00:00,5044.558287194367
2025-12-23 00:00:00+00:00,5044.558287194367
2025-12-24 00:00:00+00:00,5044.558287194367
2025-12-25 00:00:00+00:00,5044.558287194367
2025-12-26 00:00:00+00:00,5044.558287194367
2025-12-27 00:00:00+00:00,5044.558287194367
2025-12-28 00:00:00+00:00,5044.558287194367
2025-12-29 00:00:00+00:00,5044.558287194367
2025-12-30 00:00:00+00:00,5044.558287194367
2025-12-31 00:00:00+00:00,5044.558287194367
2026-01-01 00:00:00+00:00,5044.558287194367
2026-01-02 00:00:00+00:00,5044.558287194367
2026-01-03 00:00:00+00:00,5044.558287194367
2026-01-04 00:00:00+00:00,5044.558287194367
2026-01-05 00:00:00+00:00,5044.558287194367
2026-01-06 00:00:00+00:00,5044.558287194367
2026-01-07 00:00:00+00:00,4967.9414137950125
2026-01-08 00:00:00+00:00,4963.335411475754
2026-01-09 00:00:00+00:00,4960.259133398562
2026-01-10 00:00:00+00:00,4948.478997380881
2026-01-11 00:00:00+00:00,4939.224492101388
2026-01-12 00:00:00+00:00,4914.7699250639225
2026-01-13 00:00:00+00:00,4997.7944013972665
2026-01-14 00:00:00+00:00,5000.410553091431
2026-01-15 00:00:00+00:00,4879.253586563307
2026-01-16 00:00:00+00:00,4888.76492006318
2026-01-17 00:00:00+00:00,4878.648526982628
2026-01-18 00:00:00+00:00,4736.56499925591
2026-01-19 00:00:00+00:00,4632.368420027632
2026-01-20 00:00:00+00:00,4579.014142339114
2026-01-21 00:00:00+00:00,4578.212814864204
2026-01-22 00:00:00+00:00,4578.212814864204
2026-01-23 00:00:00+00:00,4578.212814864204
2026-01-24 00:00:00+00:00,4578.212814864204
2026-01-25 00:00:00+00:00,4578.212814864204
2026-01-26 00:00:00+00:00,4578.212814864204
2026-01-27 00:00:00+00:00,4578.212814864204
2026-01-28 00:00:00+00:00,4578.212814864204
2026-01-29 00:00:00+00:00,4578.212814864204
2026-01-30 00:00:00+00:00,4578.212814864204
2026-01-31 00:00:00+00:00,4578.212814864204
2026-02-01 00:00:00+00:00,4578.212814864204
2026-02-02 00:00:00+00:00,4578.212814864204
2026-02-03 00:00:00+00:00,4578.212814864204
2026-02-04 00:00:00+00:00,4578.212814864204
2026-02-05 00:00:00+00:00,4578.212814864204
2026-02-06 00:00:00+00:00,4578.212814864204
2026-02-07 00:00:00+00:00,4578.212814864204
2026-02-08 00:00:00+00:00,4578.212814864204
2026-02-09 00:00:00+00:00,4578.212814864204
2026-02-10 00:00:00+00:00,4578.212814864204
2026-02-11 00:00:00+00:00,4578.212814864204
2026-02-12 00:00:00+00:00,4578.212814864204
2026-02-13 00:00:00+00:00,4578.212814864204
2026-02-14 00:00:00+00:00,4578.212814864204
2026-02-15 00:00:00+00:00,4578.212814864204
2026-02-16 00:00:00+00:00,4578.212814864204
2026-02-17 00:00:00+00:00,4578.212814864204
2026-02-18 00:00:00+00:00,4578.212814864204
2026-02-19 00:00:00+00:00,4578.212814864204
2026-02-20 00:00:00+00:00,4578.212814864204
2026-02-21 00:00:00+00:00,4578.212814864204
2026-02-22 00:00:00+00:00,4578.212814864204
2026-02-23 00:00:00+00:00,4578.212814864204
2026-02-24 00:00:00+00:00,4578.212814864204
2026-02-25 00:00:00+00:00,4578.212814864204
2026-02-26 00:00:00+00:00,4578.212814864204
2026-02-27 00:00:00+00:00,4578.212814864204
2026-02-28 00:00:00+00:00,4578.212814864204
2026-03-01 00:00:00+00:00,4578.212814864204
2026-03-02 00:00:00+00:00,4350.701278730106
2026-03-03 00:00:00+00:00,4382.973467027408
2026-03-04 00:00:00+00:00,4186.930549194881
2026-03-05 00:00:00+00:00,4279.556904834448
2026-03-06 00:00:00+00:00,4449.218103911841
2026-03-07 00:00:00+00:00,4500.040895376415
2026-03-08 00:00:00+00:00,4561.9365662463515
2026-03-09 00:00:00+00:00,4401.140176723176
2026-03-10 00:00:00+00:00,4307.85551975749
2026-03-11 00:00:00+00:00,4295.734542911928
2026-03-12 00:00:00+00:00,4254.962220245898
2026-03-13 00:00:00+00:00,4208.261483230746
2026-03-14 00:00:00+00:00,4200.3893485553
2026-03-15 00:00:00+00:00,4102.658643459895
2026-03-16 00:00:00+00:00,4015.876858472514
2026-03-17 00:00:00+00:00,3995.6958761224705
2026-03-18 00:00:00+00:00,3836.6448324190196
2026-03-19 00:00:00+00:00,3819.877119051348
2026-03-20 00:00:00+00:00,3805.732918195919
2026-03-21 00:00:00+00:00,3763.2532318276735
2026-03-22 00:00:00+00:00,3801.6523133448222
2026-03-23 00:00:00+00:00,3769.6470147891196
2026-03-24 00:00:00+00:00,3781.128490192824
2026-03-25 00:00:00+00:00,3786.560941989833
2026-03-26 00:00:00+00:00,3650.368811725081
2026-03-27 00:00:00+00:00,3714.330759202211
2026-03-28 00:00:00+00:00,3709.7640128040184
2026-03-29 00:00:00+00:00,3726.6888055260833
2026-03-30 00:00:00+00:00,3668.8464897648983
2026-03-31 00:00:00+00:00,3686.5140191572477
2026-04-01 00:00:00+00:00,3694.9686648584757
2026-04-02 00:00:00+00:00,3700.3733176378278
2026-04-03 00:00:00+00:00,3692.9523848732606
2026-04-04 00:00:00+00:00,3706.0376894275614
2026-04-05 00:00:00+00:00,3729.6511349903535
2026-04-06 00:00:00+00:00,3699.3247255796664
2026-04-07 00:00:00+00:00,3598.892195693339
2026-04-08 00:00:00+00:00,3590.2825673679126
2026-04-09 00:00:00+00:00,3621.886311641389
2026-04-10 00:00:00+00:00,3623.4582494326705
2026-04-11 00:00:00+00:00,3637.375866682192
2026-04-12 00:00:00+00:00,3606.018868742574
2026-04-13 00:00:00+00:00,3506.0577619113265
2026-04-14 00:00:00+00:00,3469.534290109695
2026-04-15 00:00:00+00:00,3431.060359518334
2026-04-16 00:00:00+00:00,3478.548657198141
2026-04-17 00:00:00+00:00,3494.450072337598
2026-04-18 00:00:00+00:00,3362.875553509521
2026-04-19 00:00:00+00:00,3289.367590012641
2026-04-20 00:00:00+00:00,3286.520381579765
2026-04-21 00:00:00+00:00,3291.5665726632237
2026-04-22 00:00:00+00:00,3309.0583186247545
2026-04-23 00:00:00+00:00,3305.9247597692565
2026-04-24 00:00:00+00:00,3315.933672723689
2026-04-25 00:00:00+00:00,3314.25102224432
2026-04-26 00:00:00+00:00,3287.2127798475985
2026-04-27 00:00:00+00:00,3316.319058904638
2026-04-28 00:00:00+00:00,3326.1604883271125
2026-04-29 00:00:00+00:00,3347.091819939924
2026-04-30 00:00:00+00:00,3349.5325598016984
2026-05-01 00:00:00+00:00,3354.419626591693
2026-05-02 00:00:00+00:00,3371.4726563819295
2026-05-03 00:00:00+00:00,3388.8403071128528
2026-05-04 00:00:00+00:00,3396.920702837376
2026-05-05 00:00:00+00:00,3348.326154393196
2026-05-06 00:00:00+00:00,3395.2686316283516
2026-05-07 00:00:00+00:00,3333.888275713463
2026-05-08 00:00:00+00:00,3474.62250167572
2026-05-09 00:00:00+00:00,3486.540973429107
2026-05-10 00:00:00+00:00,3659.2770875061074
2026-05-11 00:00:00+00:00,3622.231053457956
2026-05-12 00:00:00+00:00,3544.163812309927
2026-05-13 00:00:00+00:00,3497.193961513117
2026-05-14 00:00:00+00:00,3546.094015805244
2026-05-15 00:00:00+00:00,3417.1699180965006
2026-05-16 00:00:00+00:00,3320.9969319186225
2026-05-17 00:00:00+00:00,3283.8509850525647
2026-05-18 00:00:00+00:00,3302.8368835300907
2026-05-19 00:00:00+00:00,3261.6966048356853
2026-05-20 00:00:00+00:00,3307.9108457695083
2026-05-21 00:00:00+00:00,3384.088742977489
2026-05-22 00:00:00+00:00,3327.1280345353466
2026-05-23 00:00:00+00:00,3424.0927895006625
2026-05-24 00:00:00+00:00,3401.6230714513536
2026-05-25 00:00:00+00:00,3462.5313169673364
2026-05-26 00:00:00+00:00,3421.517399854596
2026-05-27 00:00:00+00:00,3428.2673882889453
2026-05-28 00:00:00+00:00,3443.408643552235
2026-05-29 00:00:00+00:00,3446.3106112873356
2026-05-30 00:00:00+00:00,3410.383936417901
2026-05-31 00:00:00+00:00,3434.450992816652
2026-06-01 00:00:00+00:00,3518.4751727759594
2026-06-02 00:00:00+00:00,3719.478915542167
2026-06-03 00:00:00+00:00,3797.692620152123
2026-06-04 00:00:00+00:00,3845.8332569078284
2026-06-05 00:00:00+00:00,4116.6692097962
2026-06-06 00:00:00+00:00,4111.197008857338
2026-06-07 00:00:00+00:00,3948.763436654329
2026-06-08 00:00:00+00:00,3954.3242609839826
2026-06-09 00:00:00+00:00,4030.9591942997267
2026-06-10 00:00:00+00:00,4115.1089369051515
2026-06-11 00:00:00+00:00,3974.3370298063182
2026-06-12 00:00:00+00:00,3982.929140869695
2026-06-13 00:00:00+00:00,3921.371410402478
2026-06-14 00:00:00+00:00,3845.80380419875
2026-06-15 00:00:00+00:00,3818.1051283252486
2026-06-16 00:00:00+00:00,3828.025249814837
2026-06-17 00:00:00+00:00,3880.781612071729
2026-06-18 00:00:00+00:00,4010.6289861821456
