fold,train,test,score_train,squeeze_n,squeeze_q,entry_n,sl_atr,trail_atr,trail_start_r,ema_filter,oos_trades,oos_pf,oos_expR,oos_wr
1,2022-01-01,2023-01-01,0.91,96,0.2,30,3.5,4.5,0.5,200,100,0.63,-0.216,30.0
2,2022-04-21,2023-04-21,2.01,96,0.35,48,3.5,2.0,0.5,200,125,0.66,-0.177,43.2
3,2022-08-09,2023-08-09,0.49,96,0.35,20,2.5,4.5,0.0,0,207,0.96,0.032,30.9
4,2022-11-27,2023-11-27,0.65,96,0.35,30,2.0,4.5,0.5,200,179,0.73,-0.153,23.5
5,2023-03-17,2024-03-16,0.42,96,0.35,30,2.0,4.5,0.5,200,181,1.3,0.237,32.0
6,2023-07-05,2024-07-04,0.67,96,0.35,30,2.0,4.5,0.5,200,191,0.99,0.017,27.7
7,2023-10-23,2024-10-22,1.36,192,0.35,48,3.5,3.0,0.0,0,154,1.56,0.279,52.6
8,2024-02-10,2025-02-09,3.17,192,0.35,48,3.5,3.0,0.0,0,131,1.4,0.241,50.4
9,2024-05-30,2025-05-30,3.39,192,0.35,30,3.5,3.0,0.0,0,202,1.0,0.014,44.6
10,2024-09-17,2025-09-17,3.01,192,0.35,48,3.5,3.0,0.0,0,135,1.19,0.134,51.9
11,2025-01-05,2026-01-05,3.25,96,0.35,20,3.5,2.0,0.0,0,205,1.3,0.161,53.7
12,2025-04-25,2026-04-25,3.9,96,0.35,20,3.5,2.0,0.0,0,212,0.86,-0.07,48.6
