fold,train,test,score_train,entry_n,sl_atr,trail_atr,trail_start_r,adx_min,ema_filter,max_hold_bars,oos_trades,oos_pf,oos_expR,oos_wr
1,2022-01-01,2023-01-01,-9000000000.0,72,2.0,3.0,0.0,18,0,0,15,0.28,-0.58,20.0
2,2022-04-21,2023-04-21,1.1,20,3.0,4.5,0.0,18,200,0,6,1.53,0.235,33.3
3,2022-08-09,2023-08-09,1.31,30,3.0,4.5,0.5,18,0,0,13,4.74,1.787,38.5
4,2022-11-27,2023-11-27,2.12,30,3.0,4.5,0.5,18,0,0,29,4.04,1.172,48.3
5,2023-03-17,2024-03-16,3.06,72,3.0,3.0,0.0,0,200,0,3,0.41,-0.399,33.3
6,2023-07-05,2024-07-04,2.56,72,3.0,3.0,0.0,0,200,0,10,5.86,0.471,70.0
7,2023-10-23,2024-10-22,1.67,20,2.0,4.5,0.5,0,0,0,22,1.56,0.477,31.8
8,2024-02-10,2025-02-09,1.98,48,2.0,4.5,0.0,18,0,0,8,4.1,1.245,50.0
9,2024-05-30,2025-05-30,2.42,48,2.0,4.5,0.5,0,200,0,6,0.38,-0.424,33.3
10,2024-09-17,2025-09-17,2.46,72,2.0,4.5,0.0,18,0,0,0,0.0,0.0,0.0
11,2025-01-05,2026-01-05,2.2,72,2.0,4.5,0.0,18,0,0,1,0.0,-0.648,0.0
12,2025-04-25,2026-04-25,1.57,72,3.0,3.0,0.0,0,200,0,0,0.0,0.0,0.0
