fold,test,kind,fast,slow,ret_win,breakout_n,vote,target_vol,max_w,gross_cap,long_only,oos_sharpe,oos_cagr,oos_dd
1,2023-02-25,vote,10,50,40,20,2,0.5,0.25,1.0,True,-1.22,-37.7,19.2
2,2023-06-15,vote,10,50,40,20,2,0.5,0.25,1.0,True,-1.4,-29.7,13.7
3,2023-10-03,vote,10,50,40,20,2,0.5,0.25,1.0,True,4.75,1700.9,14.1
4,2024-01-21,breakout,30,50,60,20,2,0.5,0.4,1.0,True,2.71,357.8,27.2
5,2024-05-10,vote,10,120,20,20,3,0.5,0.25,2.0,True,-1.61,-42.0,22.3
6,2024-08-28,vote,10,120,20,20,3,0.5,0.25,2.0,True,4.42,6837.8,26.6
7,2024-12-16,vote,10,120,20,20,3,0.5,0.25,2.0,True,-3.07,-78.1,36.5
8,2025-04-05,vote,10,120,20,20,3,0.5,0.25,2.0,True,1.25,68.2,21.7
9,2025-07-24,vote,10,50,40,20,2,0.5,0.25,1.0,True,-0.98,-57.8,33.2
10,2025-11-11,vote,10,50,40,20,2,0.5,0.25,1.0,True,-3.45,-27.7,9.2
11,2026-03-01,ret,30,120,40,20,3,0.5,0.4,1.0,False,-0.96,-35.8,28.8
