fold,train,test,score_train,family,market_filter,entry_n,sl_atr,trail_atr,trail_start_r,adx_min,ema_filter,long_only,squeeze_n,squeeze_q,bb_k,adx_max,rsi_lo,only_chop,ema_fast,ema_slow,tp_atr,max_hold_bars,oos_trades,oos_pf,oos_expR,oos_wr
1,2022-01-01,2023-01-01,1.23,pullback,align,30,3.0,3.0,0.0,18,0,False,96,0.2,2.8,20,27,True,21,55,3.0,30,13,0.54,-0.245,46.2
2,2022-04-21,2023-04-21,0.71,squeeze,none,48,2.0,4.5,0.5,18,0,False,96,0.35,2.2,20,27,True,13,55,4.5,30,10,3.28,1.075,50.0
3,2022-08-09,2023-08-09,1.24,squeeze,none,48,2.0,4.5,0.5,18,0,False,96,0.35,2.2,20,27,True,13,55,4.5,30,8,0.07,-0.634,25.0
4,2022-11-27,2023-11-27,1.21,donchian,align,30,2.0,4.5,0.0,0,200,True,192,0.35,2.8,20,27,True,13,89,3.0,30,12,4.84,2.298,50.0
5,2023-03-17,2024-03-16,2.25,donchian,none,20,2.0,3.0,0.5,18,200,True,96,0.2,2.8,26,27,False,13,55,3.0,30,7,0.43,-0.41,28.6
6,2023-07-05,2024-07-04,2.02,donchian,none,20,2.0,3.0,0.0,0,200,True,96,0.2,2.8,26,20,False,21,55,4.5,0,17,1.24,0.091,58.8
7,2023-10-23,2024-10-22,1.26,squeeze,none,20,3.0,4.5,0.5,0,200,False,96,0.2,2.8,20,27,False,21,55,4.5,0,12,0.75,-0.12,25.0
8,2024-02-10,2025-02-09,1.47,donchian,align,30,2.0,4.5,0.0,0,200,True,192,0.35,2.8,20,27,True,13,89,3.0,30,9,3.59,1.202,55.6
9,2024-05-30,2025-05-30,1.97,donchian,align,30,2.0,4.5,0.0,0,200,True,192,0.35,2.8,20,27,True,13,89,3.0,30,6,0.45,-0.346,33.3
10,2024-09-17,2025-09-17,2.1,squeeze,none,30,3.0,3.0,0.0,18,0,True,96,0.2,2.8,26,27,False,21,55,3.0,30,19,0.16,-0.573,21.1
11,2025-01-05,2026-01-05,2.79,pullback,align,30,3.0,4.5,0.0,0,200,True,96,0.35,2.8,20,27,True,21,89,3.0,30,10,1.69,0.212,60.0
12,2025-04-25,2026-04-25,2.82,pullback,none,48,2.0,3.0,0.0,0,0,False,192,0.35,2.8,26,20,False,13,55,4.5,0,10,0.17,-0.771,10.0
