symbol,side,tag,entry_ts,exit_ts,entry,exit,qty,notional,sl,tp,reason,gross,fees,funding,pnl,r_unit,r_multiple,bars_held,equity_after,regime
BTC,1,DONCHIAN_V2,2022-03-28 00:00:00+00:00,2022-04-06 08:00:00+00:00,46831.06434,43969.375030791394,0.0026410607666261126,123.6836866877172,43991.37071614947,84693.64599134037,SL,-7.557895360824223,0.11990473900730508,0.0,-7.615958256487669,7.499803419189964,-1.0154877175847699,28,992.1637234240467,
SOL,1,DONCHIAN_V2,2022-03-28 00:00:00+00:00,2022-04-06 08:00:00+00:00,107.03040448608398,115.17345032302097,0.6740546396092822,72.14434072310304,115.23106585594894,255.36525105604153,SL,5.48885782693843,0.07488876963657226,0.0,5.45004122766341,7.498934365965821,0.7267754272391841,28,997.6137646517101,
LINK,1,DONCHIAN_V2,2022-03-28 00:00:00+00:00,2022-04-06 08:00:00+00:00,16.86937242164612,15.684588928953993,4.998598662691335,84.32322242728237,15.692435146527256,36.87141520924263,SL,-5.922257182149633,0.08136209383620757,0.0,-5.961457664772199,7.498663824688109,-0.795002657026054,28,991.6523069869379,
ETH,1,DONCHIAN_V2,2022-03-28 00:00:00+00:00,2022-04-06 16:00:00+00:00,3296.839167626953,3183.5412204130816,0.032778013805333864,108.06383975044167,3185.133787306735,6347.396023574316,SL,-3.713681677892262,0.10620699891149554,0.0,-3.7658567569285366,7.499339605364885,-0.502158450623374,29,987.8864502300094,
NEAR,1,DONCHIAN_V2,2022-03-26 08:00:00+00:00,2022-04-16 16:00:00+00:00,13.268652993965148,15.642114142480493,3.950781542530725,52.42154934280255,15.64993911203651,38.580100595784124,SL,9.377026497468199,0.05711006259153665,0.0,9.346127209548063,7.5,1.2461502946064085,64,997.2325774395574,
SOL,1,DONCHIAN_V2,2022-11-05 08:00:00+00:00,2022-11-07 00:00:00+00:00,35.24704967880249,31.166235392144237,1.8396848949754054,64.84346488654066,31.181826305296884,89.45002799221058,SL,-7.507412402365022,0.06108975868535815,0.0,-7.53608042860711,7.478730034939225,-1.0076684668920999,5,989.595502497513,
BTC,1,DONCHIAN_V2,2022-11-05 08:00:00+00:00,2022-11-08 00:00:00+00:00,21389.377019999996,20212.794159026693,0.006411853971240597,137.14556198804934,20222.905611832608,36942.329128898506,SL,-7.544077489625299,0.1333735232432367,0.0,-7.608878231874511,7.47924433079668,-1.0173324864577626,8,981.9866242656385,
APT,1,DONCHIAN_V2,2023-01-13 16:00:00+00:00,2023-02-05 08:00:00+00:00,6.817263028907775,15.465000933012817,5.85966158536322,39.9468542878078,15.472737301663647,23.574299167808384,SL,50.672817596973765,0.06528326308629469,0.0,50.627507761031374,7.364292071074434,6.874728388338478,68,1032.385290576645,
SOL,1,DONCHIAN_V2,2023-01-14 00:00:00+00:00,2023-02-07 16:00:00+00:00,18.314663024139403,22.58539995186502,2.4895833823392715,45.595880718040966,22.59669830101553,57.75201456579043,SL,10.632355685608374,0.05091205856084516,0.0,10.60424156740655,7.363693128117482,1.4400710870086884,74,1042.9895321440515,
BTC,1,DONCHIAN_V2,2023-01-13 16:00:00+00:00,2023-02-09 00:00:00+00:00,19263.45192,22468.199947808225,0.008411243154518843,162.02957809450285,22479.439667642044,30938.14264319086,SL,26.9559149108597,0.1755075355499327,0.0,26.86142216435702,7.364899681992288,3.647221730668666,79,1069.8509543084085,
ETH,1,DONCHIAN_V2,2023-01-14 00:00:00+00:00,2023-02-09 16:00:00+00:00,1451.4602779541015,1550.585135291488,0.08251777150596888,119.77126756620663,1551.3608156993378,2641.368364575687,SL,8.179562328328233,0.12386104873037077,0.0,8.115586913380966,7.364142270370856,1.1020410273757881,80,1077.9665412217894,
LINK,1,DONCHIAN_V2,2023-01-14 00:00:00+00:00,2023-02-12 16:00:00+00:00,6.606321019077301,6.7246320756700815,13.674679011522988,90.33931938295953,6.727996073706935,13.786035816389818,SL,1.6178657224204043,0.09114825224416973,0.0,1.5718871298677144,7.363522143564789,0.21346946464219374,89,1079.538428351657,
BTC,1,DONCHIAN_V2,2023-02-16 00:00:00+00:00,2023-02-24 16:00:00+00:00,24340.56714,22852.603583059663,0.00548348477361596,133.47112929336697,22864.03560086009,44027.654328532124,SL,-8.159225508177778,0.12939151653927808,0.0,-8.221881460070373,8.096538212637428,-1.0154810913184233,26,1071.1270170975642,
ETH,1,DONCHIAN_V2,2023-02-16 16:00:00+00:00,2023-02-24 16:00:00+00:00,1724.5347793945311,1586.7622872435827,0.05910434878889228,101.92750509990977,1587.5560652762208,3550.9176343053346,SL,-8.14295342960458,0.09785602838510749,0.0,-8.189845705439732,8.096037695902577,-1.0115869037497973,24,1062.9371713921246,
LINK,1,DONCHIAN_V2,2023-02-18 16:00:00+00:00,2023-02-24 16:00:00+00:00,8.187637070274352,7.283891779802779,8.994158173951478,73.64090288095619,7.287535547576567,20.188990706244823,SL,-8.128428091465048,0.06957668883522367,0.0,-8.161184328859793,8.095655467758453,-1.0080943243400504,18,1054.775987063265,
SOL,1,DONCHIAN_V2,2023-02-19 16:00:00+00:00,2023-02-25 08:00:00+00:00,25.293057706832887,22.357612415976412,2.7683505720285364,70.0200507710616,22.368796814383604,64.28320293948997,SL,-8.126341650100995,0.0659568799460111,0.0,-8.157288504661476,8.09537931437265,-1.007647472451218,17,1046.6186985586035,
APT,1,DONCHIAN_V2,2023-03-14 16:00:00+00:00,2023-03-27 08:00:00+00:00,14.093317977905274,11.384353706062752,2.903534833236566,40.920439664727084,11.390048730427965,50.136907944269396,SL,-7.865572125288092,0.03698765360208304,0.0,-7.882099559057812,7.849036423667564,-1.004212381444753,38,1038.574039758483,
SOL,1,DONCHIAN_V2,2023-03-20 08:00:00+00:00,2023-03-27 08:00:00+00:00,23.10362073097229,19.585573120920134,2.237264488163316,51.688910209398095,19.595370806323295,69.88028639295885,SL,-7.87080298563751,0.04775350871657934,0.0,-7.89271203924939,7.848882972018822,-1.0055841152666969,21,1030.6813277192336,
DOGE,1,DONCHIAN_V2,2023-04-02 08:00:00+00:00,2023-04-03 00:00:00+00:00,0.08417683208584785,0.07622741810403148,977.099632315389,82.24915168055618,0.07626555087947122,0.18966058150420295,SL,-7.767369478755585,0.0783654669411784,0.0,-7.804610369856485,7.7301099578942525,-1.0096376911024598,2,1022.8355927735369,
DOGE,1,DONCHIAN_V2,2023-04-04 00:00:00+00:00,2023-04-07 00:00:00+00:00,0.0959791906669736,0.08162883719468103,536.0953880274824,51.454001463174926,0.08166967203069637,0.2867727724840031,SL,-7.69315831306021,0.047607422306644824,0.0,-7.715038734635267,7.671266945801526,-1.0057059399891823,9,1015.09482703817,
BTC,1,DONCHIAN_V2,2023-03-14 16:00:00+00:00,2023-04-19 08:00:00+00:00,25916.1822,29063.287845356554,0.0030329416899352976,78.60226943833908,29077.82675873592,60424.55082547567,SL,9.544987914432623,0.08337476339555538,0.0,9.500914285756236,7.849640239189526,1.2103630225398971,107,1024.5162438757757,
ETH,1,DONCHIAN_V2,2023-03-14 16:00:00+00:00,2023-04-19 08:00:00+00:00,1770.6440970703125,1967.2848040322983,0.04654532394235776,82.41520308476126,1968.268938501549,4019.160830394544,SL,9.152705405799878,0.0869915557876612,0.0,9.106921451554598,7.849345480679132,1.160214118995137,107,1033.6231653273303,
SOL,1,DONCHIAN_V2,2023-04-13 16:00:00+00:00,2023-04-19 08:00:00+00:00,24.61992277107239,22.145317566358248,3.0902442947538526,76.08157588058691,22.156395764240365,57.46694952883272,SL,-7.647134615636064,0.07225800857276887,0.0,-7.68135183626854,7.612900277834697,-1.0089915217506713,17,1025.9418134910618,
LINK,1,DONCHIAN_V2,2023-03-20 16:00:00+00:00,2023-04-19 16:00:00+00:00,7.348469522094726,7.688580553420152,9.728782233250527,71.49165972813816,7.692426766803553,18.105128064319665,SL,3.308866158891319,0.07314609280758383,0.0,3.271465895947804,7.848689138605537,0.4168168516009082,90,1029.2132793870096,
NEAR,1,DONCHIAN_V2,2023-04-13 00:00:00+00:00,2023-04-20 16:00:00+00:00,2.2264452705860136,2.0598046260064296,37.240223919244016,82.91332042056499,2.0608350435281935,4.952247428058049,SL,-6.205734918190867,0.07981045296146955,0.0,-6.244088710942054,7.613211202786274,-0.8201649139402373,23,1022.9691906760676,
NEAR,1,DONCHIAN_V2,2023-06-26 08:00:00+00:00,2023-06-28 00:00:00+00:00,1.5753150476932525,1.388660544547639,41.250718037264406,64.9828768522541,1.3893552221587182,4.054779388153709,SL,-7.699632279645384,0.061133060712431395,0.0,-7.728273901931689,7.670976329383955,-1.0074693976473703,5,1015.0360785775027,
LINK,1,DONCHIAN_V2,2023-06-25 08:00:00+00:00,2023-06-28 16:00:00+00:00,6.290257834339141,5.708189648421771,13.244338787246805,83.31030581712098,5.7110451710072745,14.013093345430704,SL,-7.709108251567808,0.07945575169133709,0.0,-7.746908850350585,7.671288743030769,-1.0098575493444326,10,1007.2891697271522,
SOL,1,DONCHIAN_V2,2023-06-30 08:00:00+00:00,2023-07-14 16:00:00+00:00,18.792757357406614,25.712096682921455,3.2584290122402013,61.23486579336421,25.724959162502707,49.70609522492798,SL,22.5461760037921,0.07250795379526026,0.0,22.504285482893522,7.554668772953641,2.97885799619181,43,1029.6888109811168,
BTC,1,DONCHIAN_V2,2023-06-21 08:00:00+00:00,2023-07-17 08:00:00+00:00,28878.2745,30019.65576624954,0.004699058599643024,135.70070413207685,30034.673102800938,50647.93684798134,SL,5.363417454641346,0.13838241285939754,0.0,5.292885393847987,7.672268930070506,0.6898722453671012,78,1034.933271728194,
LINK,1,DONCHIAN_V2,2023-07-02 00:00:00+00:00,2023-07-17 08:00:00+00:00,6.504300382518768,6.4945648968669945,10.238090435319886,66.59161553471289,6.497813803768879,16.342644345757886,SL,-0.09967278253462093,0.06654177914344558,0.0,-0.13291875391071006,7.554439142206916,-0.017594787833829825,46,1034.8003529742834,
ETH,1,DONCHIAN_V2,2023-06-22 08:00:00+00:00,2023-07-17 16:00:00+00:00,1911.3922117675781,1878.7804288900797,0.06575443056161473,125.68250646468242,1879.720289034597,3467.0308684897254,SL,-2.144369212708925,0.12461032185832796,0.0,-2.2061382813349115,7.671760052430011,-0.2875661212365633,76,1032.5942146929485,
NEAR,1,DONCHIAN_V2,2023-07-14 08:00:00+00:00,2023-07-24 08:00:00+00:00,1.5101019172668457,1.3693810488829943,53.94468783759241,81.46197652990979,1.3700660819239563,3.377246388505371,SL,-7.5911433172017935,0.07766640487130891,0.0,-7.628078733808147,7.554189423648661,-1.0097812360818188,30,1024.9276906545492,
LINK,1,DONCHIAN_V2,2023-07-20 08:00:00+00:00,2023-07-30 16:00:00+00:00,7.432486432743072,7.4849797045846795,10.345206799620646,76.89060918210184,7.488724066617988,17.413864617767015,SL,0.543053752790129,0.0771621360584969,0.0,0.504336921322683,7.744456610197114,0.06512231221731211,31,1025.4320275758719,
DOGE,1,DONCHIAN_V2,2023-07-14 16:00:00+00:00,2023-08-03 08:00:00+00:00,0.072654529774189,0.07315742846047904,1333.0110846803914,96.84929354123547,0.07319402547321564,0.14989985975042086,SL,0.6703695232958305,0.09718447830288339,0.0,0.621609691763565,7.722666082358376,0.08049159255811504,59,1026.0536372676354,
DOGE,1,DONCHIAN_V2,2023-10-23 16:00:00+00:00,2023-10-31 08:00:00+00:00,0.06418283693790436,0.06546078495647963,2161.028252788248,138.70092396691248,0.06549353172234079,0.11165309212528285,SL,2.761681773735914,0.14008176485378043,0.0,2.6909504708655896,7.693842197024456,0.34975379036319426,23,1028.4672262788097,
APT,1,DONCHIAN_V2,2023-10-21 16:00:00+00:00,2023-11-09 16:00:00+00:00,5.791558108234406,6.333716091209213,14.75978690356969,85.48216351718104,6.336884533475951,12.742672172664236,SL,8.002136296777326,0.0894832316655697,0.0,7.955394146870347,7.694772175004287,1.0338700049772318,57,1036.3859043957461,
NEAR,1,DONCHIAN_V2,2023-11-01 08:00:00+00:00,2023-11-09 16:00:00+00:00,1.3438687547206878,1.3786467932753819,54.642285275109685,73.43205986775423,1.3793364615061348,3.226050696966963,SL,1.9003515040143573,0.07438223561976141,0.0,1.862685298328473,7.713504197091073,0.2414836695144253,25,1038.2485896940746,
SOL,1,DONCHIAN_V2,2023-10-20 08:00:00+00:00,2023-11-11 08:00:00+00:00,26.234245891571046,60.19168177687327,3.021587497752565,79.26906939893767,43.41251847842263,60.19168177687327,TP,102.60536372676349,0.13057175126231943,0.0,102.51442651020064,7.695402279507265,13.321516249149825,66,1140.6764783058873,
PEPE,1,DONCHIAN_V2,2023-11-09 16:00:00+00:00,2023-11-14 00:00:00+00:00,1.4048808905499753e-06,1.1447157365535269e-06,29994599.6705911,42.13883989691002,1.1452883807438987e-06,4.866114354630996e-06,SL,-7.803549642361157,0.038237065075729444,0.0,-7.820717287488431,7.786373409117263,-1.0044107669343156,13,1132.8206966992823,
ETH,1,DONCHIAN_V2,2023-10-23 00:00:00+00:00,2023-11-14 16:00:00+00:00,1663.8927706054687,1918.486621445841,0.09766973407697221,162.51196443763266,1919.4463446181499,2714.2968614404317,SL,24.86611370921148,0.17494502129223838,0.0,24.772424670138058,7.694451616891098,3.219517894655009,68,1157.5931213694203,
BTC,1,DONCHIAN_V2,2023-11-09 16:00:00+00:00,2023-11-14 16:00:00+00:00,37137.52602,34911.480509692126,0.003525731811227993,130.93695687902132,34928.94498218322,66585.27319089041,SL,-7.848439468933712,0.12701273714455447,0.0,-7.909983727638756,7.786864422705559,-1.015811153019975,15,1149.6831376417815,
DOGE,1,DONCHIAN_V2,2023-11-11 08:00:00+00:00,2023-11-14 16:00:00+00:00,0.0785457046598196,0.06892934150444215,892.8386158977268,70.12863823318496,0.06896382341615022,0.20630412124207792,SL,-8.585860369617098,0.0658357080483764,0.0,-8.616631758548882,8.555073587294155,-1.0071955162777504,10,1141.0665058832326,
SOL,1,DONCHIAN_V2,2023-11-16 00:00:00+00:00,2023-11-21 16:00:00+00:00,65.50309586334228,51.38456880262122,0.6072594147876843,39.77737166075482,51.41027393959101,253.40738818002595,SL,-8.573608480557558,0.035490567420476044,0.0,-8.589210362147657,8.557998794124245,-1.0036470638491841,17,1132.4309540776433,
LINK,1,DONCHIAN_V2,2023-10-21 16:00:00+00:00,2023-11-27 16:00:00+00:00,8.954790668678283,13.988030124891795,9.911878607341505,88.7587980620936,13.99502763871115,19.306148301054755,SL,49.88885849166989,0.11370322730792856,0.0,49.819534663393014,7.695105020497021,6.4741851515595314,111,1182.2504887410362,
LINK,1,DONCHIAN_V2,2023-12-02 08:00:00+00:00,2023-12-11 00:00:00+00:00,15.751149744987487,14.312681101905003,5.754032339886377,90.63262502305106,14.31984102241621,36.29761905392401,SL,-8.276995092209084,0.08649412747694651,0.0,-8.318172907174505,8.86687866555777,-0.9381173715036114,26,1173.6725910591329,
BTC,1,DONCHIAN_V2,2023-12-03 00:00:00+00:00,2023-12-11 00:00:00+00:00,39460.8906,41556.828755988594,0.004938157770698457,194.8641035550717,41577.617564770975,63401.097197759445,SL,10.350073291898475,0.20003914020102093,0.0,10.24746620347499,8.866538793213936,1.1557459390261684,24,1183.9200572626078,
ETH,1,DONCHIAN_V2,2023-12-03 00:00:00+00:00,2023-12-11 00:00:00+00:00,2165.943111767578,2188.2771403985503,0.0706191458825422,152.957052583202,2189.371826311706,3839.86273456066,SL,1.577210026035498,0.15374565759621978,0.0,1.4999428947308793,8.865808052825603,0.16918287490476805,24,1185.4200001573386,
SOL,1,DONCHIAN_V2,2023-12-03 00:00:00+00:00,2023-12-11 00:00:00+00:00,63.692736305236814,62.720195325974835,1.2716641330656673,80.99576829617912,62.751571111530595,156.64426581019117,SL,-1.236745481264019,0.08037739555554711,0.0,-1.2766249926714766,8.865234463878418,-0.1440035227351416,24,1184.143375164667,
NEAR,1,DONCHIAN_V2,2023-11-16 08:00:00+00:00,2023-12-18 08:00:00+00:00,1.847369402861595,2.0987808284868166,28.638297863063425,52.90551522225997,2.099830743858746,5.831707517694461,SL,7.1999952932325115,0.05650551286887623,0.0,7.169942537974765,8.557849628980517,0.8378205797977908,96,1191.2843144275141,
APT,1,DONCHIAN_V2,2023-12-12 16:00:00+00:00,2023-12-18 08:00:00+00:00,9.041807961845398,7.653635959159756,6.415370742225287,58.00655025524262,7.657464691505508,27.499718233043936,SL,-8.905638051205756,0.053553731229639745,0.0,-8.930188507307774,8.881075313735003,-1.005530095381222,17,1182.3541259202063,
NEAR,1,DONCHIAN_V2,2023-12-20 16:00:00+00:00,2023-12-31 16:00:00+00:00,2.9305860667705534,3.5204989345474416,19.044876977720573,55.8126511142672,3.522260064579731,9.138700092095661,SL,11.234817994385176,0.06143006011145979,0.0,11.201294259830851,8.867457590698375,1.263191184763103,33,1193.4042145108767,
LINK,1,DONCHIAN_V2,2023-12-28 08:00:00+00:00,2023-12-31 16:00:00+00:00,16.950389903640747,14.857201416824099,4.251116332497216,72.05807936156309,14.864633733690944,44.76047216963814,SL,-8.89838776330139,0.0676088854799124,0.0,-8.92996760910052,8.866792119680449,-1.0071249543879404,10,1184.4742469017763,
SUI,1,DONCHIAN_V2,2023-12-20 08:00:00+00:00,2024-01-03 08:00:00+00:00,0.7298459689021111,0.714576137107915,72.47326572965356,52.894320845959165,0.7149336039098699,2.3612808352854366,SL,-1.1066545772678833,0.05234099355732522,0.0,-1.132548410402229,8.867655944401546,-0.12771677402721576,42,1183.2613288150408,
SOL,1,DONCHIAN_V2,2023-12-21 08:00:00+00:00,2024-01-03 08:00:00+00:00,86.81736305236817,100.94800040211118,0.709731147516537,61.61698670351706,100.99849965193714,253.40153743604614,SL,10.028953461373144,0.06663146343420363,0.0,9.993130491290698,8.867248293256697,1.126970866361124,39,1193.2544593063315,
APT,1,DONCHIAN_V2,2023-12-25 16:00:00+00:00,2024-01-03 08:00:00+00:00,10.317363047790527,8.788973321766553,5.818279343072643,60.02930029594063,8.793370006769937,30.637270261398406,SL,-8.892598371089743,0.055583001110395755,0.0,-8.918166722052169,8.86701722955656,-1.005768511684528,26,1184.3362925842794,
BTC,1,DONCHIAN_V2,2024-01-02 08:00:00+00:00,2024-01-03 08:00:00+00:00,45468.0918,42933.73622172376,0.003535212196137259,160.7393526664485,42955.21382863808,78973.131418159,SL,-8.959484749670665,0.15625961029161317,0.0,-9.035374683629053,8.883556851763322,-1.017089757447277,3,1175.3009179006503,
SUI,1,DONCHIAN_V2,2024-01-11 08:00:00+00:00,2024-01-21 08:00:00+00:00,0.976495261144638,1.0840916742901716,42.72652423777789,41.722248443371626,1.0846339912858145,3.727140594684621,SL,4.597220754160604,0.044020858820451925,0.0,4.574061019561838,8.814413588477004,0.5189297023163812,30,1179.773174320885,
ETH,1,DONCHIAN_V2,2024-01-11 00:00:00+00:00,2024-01-22 16:00:00+00:00,2585.3069970703123,2335.2042100206345,0.03540993037569262,91.54554076605072,2336.3723962187437,5904.43500842456,SL,-8.856122276195768,0.08711747962795284,0.0,-8.897466985440696,8.814756884254876,-1.0093831403715239,35,1170.8757073354443,
LINK,1,DONCHIAN_V2,2024-01-17 16:00:00+00:00,2024-01-23 08:00:00+00:00,16.116223469924925,14.089702656336673,4.3646335368948765,70.34140944492664,14.096751031852598,43.04252264422261,SL,-8.845020706202776,0.06591889909182526,0.0,-8.875768900572139,8.814257130045341,-1.0069786675858503,17,1161.999938434872,
SOL,1,DONCHIAN_V2,2024-01-30 16:00:00+00:00,2024-02-01 00:00:00+00:00,104.8509678314209,93.74938477088938,0.7883359606045277,82.65778844569763,93.79628291234555,252.24676675242569,SL,-8.751777146255073,0.0782818998725701,0.0,-8.788730151904794,8.714805654859656,-1.008482632886244,4,1153.1440282684932,
APT,1,DONCHIAN_V2,2024-02-03 08:00:00+00:00,2024-02-05 16:00:00+00:00,9.634026525306702,8.609054315940348,8.473471443289096,81.63364864607601,8.613360996438567,23.242900243548494,SL,-8.68507274623073,0.07729111227296065,0.0,-8.721547034180652,8.648580212013698,-1.0084368555737735,7,1144.3816644099895,
SUI,1,DONCHIAN_V2,2024-01-30 08:00:00+00:00,2024-02-20 08:00:00+00:00,1.6190237674713135,1.672278089633424,31.934207231189173,51.70224050264956,1.6731146469569023,5.257754893697557,SL,1.7006345598813457,0.05255255778259023,0.0,1.6739331223500802,8.71499953826154,0.1920749525001116,63,1145.8053872083613,
LINK,1,DONCHIAN_V2,2024-02-11 08:00:00+00:00,2024-02-21 08:00:00+00:00,20.350069871520997,18.162713615866025,3.9399251761144334,80.17775262249339,18.171799515623835,49.39367461681651,SL,-8.618019980786423,0.0758687426321002,0.0,-8.653799847107276,8.582222215582975,-1.0083402211835457,30,1137.151587361254,
SOL,1,DONCHIAN_V2,2024-02-13 00:00:00+00:00,2024-02-21 08:00:00+00:00,111.74234522094726,101.89852912317275,0.8327376876193883,93.05206216845902,101.9495038751103,249.14191259108105,SL,-8.197316654611253,0.0889534038411534,0.0,-8.239744027368177,8.581334850878216,-0.9601937426465673,25,1128.9118433338858,
PEPE,1,DONCHIAN_V2,2024-02-26 16:00:00+00:00,2024-03-03 08:00:00+00:00,1.5863172530771407e-06,5.222150585241757e-06,31048803.15900463,49.25325213852507,3.026503726153684e-06,5.222150585241757e-06,TP,112.88827344932707,0.10569738886318861,0.0,112.80720268653315,8.46662050869953,13.323757994187021,17,1241.6062931863685,
DOGE,1,DONCHIAN_V2,2024-02-27 08:00:00+00:00,2024-03-04 16:00:00+00:00,0.09184836628139019,0.17969011320971545,1285.1043465566506,118.03473473234185,0.11723261740456889,0.17969011320971545,TP,112.88581078672011,0.1744776401257019,0.0,112.77035051396058,8.466435809004011,13.31969592139704,19,1354.3766437003292,
ETH,1,DONCHIAN_V2,2024-02-11 08:00:00+00:00,2024-03-05 16:00:00+00:00,2528.0355353027344,3358.3701114720907,0.06753781561519001,170.73799785192426,3360.0501365403607,4222.4665055466185,SL,56.078983504242935,0.19877748960404573,0.0,55.96557501356485,8.582862483074921,6.520618863919449,70,1410.318434325954,
BTC,1,DONCHIAN_V2,2024-02-12 16:00:00+00:00,2024-03-05 16:00:00+00:00,49948.78776,61236.248229989644,0.0031322649123133725,156.45283531323565,61266.88167082505,86480.05949364298,SL,35.35531637927277,0.17413049350287202,0.0,35.259412303426515,8.58192154901064,4.1085684717650865,66,1445.5778466293805,
NEAR,1,DONCHIAN_V2,2024-02-25 00:00:00+00:00,2024-03-05 16:00:00+00:00,3.86577300953865,3.5905848359447785,15.059777458910489,58.217681230314724,3.5923810264580074,11.36197835795127,SL,-4.144272653647736,0.05614554490349086,0.0,-4.171309357936069,8.466838825004144,-0.4926643159448624,29,1441.4065372714444,
DOGE,1,DONCHIAN_V2,2024-03-04 16:00:00+00:00,2024-03-05 16:00:00+00:00,0.17179434483647346,0.13504186752722325,276.89372386109295,47.56877588004786,0.1351094222383424,0.6609266461448873,SL,-10.176530303278613,0.042480510728408555,0.0,-10.195226426066997,10.157824827752469,-1.0036820479727453,3,1431.2113108453775,
SOL,1,DONCHIAN_V2,2024-03-05 16:00:00+00:00,2024-03-06 00:00:00+00:00,139.23784871520996,120.52348548565331,0.575402179432723,80.11776161025558,120.58377737434047,387.95879992680324,SL,-10.76828538898251,0.07473361891576433,0.0,-10.802960127093147,10.733593304829803,-1.006462590885769,1,1420.3027549694086,
ETH,1,DONCHIAN_V2,2024-03-05 16:00:00+00:00,2024-03-16 16:00:00+00:00,3784.996838232422,3552.0701645637055,0.034629813905533414,131.07373614102113,3553.847088107759,7917.884513429219,SL,-8.066207362782558,0.12704063245962985,0.0,-8.127711127171677,10.734084831340331,-0.75718715241016,33,1412.032202467926,
BTC,1,DONCHIAN_V2,2024-03-11 08:00:00+00:00,2024-03-16 16:00:00+00:00,71222.2416,64944.142350619164,0.001705462438368156,121.4668578251819,64976.630665952136,154497.05405397137,SL,-10.707062454166321,0.11611332659809875,0.0,-10.76244235185183,10.651654852680077,-1.0104009659253912,16,1401.2697601160742,
NEAR,1,DONCHIAN_V2,2024-03-06 16:00:00+00:00,2024-03-19 08:00:00+00:00,4.80096019077301,6.35168508397909,10.505456813618306,50.436279948066556,6.354862515236708,18.32035984420031,SL,16.291073395379335,0.05858181664575623,0.0,16.257709718707613,10.652060190384514,1.5262502678480216,38,1417.5032567313228,
APT,1,DONCHIAN_V2,2024-03-06 00:00:00+00:00,2024-04-02 00:00:00+00:00,13.665132725715637,15.959720641408312,4.107229502025206,56.12583628014938,15.96770449365514,48.24568767812532,SL,9.424399182323482,0.06083803587131112,0.0,9.391624064592245,10.652270662270563,0.8816546595888309,81,1426.864791874429,
SOL,1,DONCHIAN_V2,2024-03-07 16:00:00+00:00,2024-04-02 08:00:00+00:00,146.0992213256836,177.04764802451143,0.3946206834331642,57.65377456859438,177.13621613257772,506.0016627170605,SL,12.212889295072625,0.06376021921613069,0.0,12.177955963140791,10.651871054334709,1.1432691872649972,77,1439.04274783757,
SUI,1,DONCHIAN_V2,2024-03-18 08:00:00+00:00,2024-04-03 00:00:00+00:00,1.7384476718902588,1.7111449083329808,27.85600492966126,48.42620691813319,1.7120009087873744,6.768852296151339,SL,-0.7605459162449121,0.04804593396001074,0.0,-0.7843787467458562,10.509523200870555,-0.07463504592490763,47,1438.258369090824,
DOGE,1,DONCHIAN_V2,2024-03-28 08:00:00+00:00,2024-04-03 00:00:00+00:00,0.2000800056964159,0.17586438584424907,300.7688987332763,60.17784297185865,0.17595236202526168,0.6713731688862619,SL,-7.28330531507988,0.05653619031431871,0.0,-7.309752583908269,10.631274425484921,-0.6875706798035035,17,1430.9486165069159,
ETH,1,DONCHIAN_V2,2024-04-09 00:00:00+00:00,2024-04-12 16:00:00+00:00,3696.6190587890624,3404.418778051844,0.03694394951709188,136.5677078918228,3406.1218389713295,7569.915323025499,SL,-10.795032420435865,0.13117019168160488,0.0,-10.857918758171559,10.732114623801868,-1.0117222130753878,11,1420.0224138947983,
NEAR,1,DONCHIAN_V2,2024-05-16 08:00:00+00:00,2024-06-04 00:00:00+00:00,8.114622516059875,7.056773062289879,10.101463648024879,81.969564363423,7.060303213896827,22.172213211567183,SL,-10.685827802340588,0.07662665046225271,0.0,-10.72146967062113,10.650168104210987,-1.006694877086677,56,1409.0028887181547,
LINK,1,DONCHIAN_V2,2024-05-17 00:00:00+00:00,2024-06-06 16:00:00+00:00,15.52110324897766,17.218627311212604,6.864543417412274,106.54528713874585,17.22724093167844,36.2068407083804,SL,11.652727627313828,0.11237165095240277,0.0,11.593628619930799,10.649860718344623,1.088617863326655,62,1420.5965173380855,
SOL,1,DONCHIAN_V2,2024-05-17 08:00:00+00:00,2024-06-07 16:00:00+00:00,169.23383694763183,160.50144975790576,0.5899659255316578,99.84219724608329,160.58174062821985,409.91352623467935,SL,-5.151810890487533,0.09726629180083951,0.0,-5.199156083665331,10.649461173517853,-0.48820837025953356,64,1415.3973612544203,
ETH,1,DONCHIAN_V2,2024-05-21 00:00:00+00:00,2024-06-07 16:00:00+00:00,3663.402455859375,3670.1366692094543,0.03620985689351518,132.65127867002002,3671.9726555372226,7584.40851838922,SL,0.24384490169676887,0.1327732011208684,0.0,0.17739733991091047,10.64843013021083,0.01665948292299103,53,1415.5747585943311,
BTC,1,DONCHIAN_V2,2024-05-17 16:00:00+00:00,2024-06-11 00:00:00+00:00,67213.44,68034.82622152449,0.0026051736769614354,175.10268462602681,68068.86065185041,121715.68865723774,SL,2.1398537629344108,0.17617261150749403,0.0,2.05123249373993,10.649086765278179,0.19262050718077203,73,1417.625991088071,
LINK,1,DONCHIAN_V2,2024-07-22 00:00:00+00:00,2024-07-24 16:00:00+00:00,14.81996378917694,13.411895389307277,7.5858362069406935,112.42181789748842,13.418604691653103,33.50475175616144,SL,-10.681376249580335,0.10708112977269826,0.0,-10.73224647040429,10.63048058092206,-1.00957302811548,8,1406.6089534102548,
BTC,1,DONCHIAN_V2,2024-07-22 00:00:00+00:00,2024-07-25 00:00:00+00:00,68183.83404,64000.65018124863,0.002560998884251844,174.61872290045292,64032.66651450588,123532.73437992168,SL,-10.713129194882583,0.16926215830301164,0.0,-10.795081991735369,10.631135401132935,-1.0154213622925885,9,1395.8138714185195,
DOGE,1,DONCHIAN_V2,2024-07-20 16:00:00+00:00,2024-07-25 16:00:00+00:00,0.13480696062147618,0.12105891036288147,776.7641685308138,104.7132166793071,0.12111947009793042,0.31730683426875295,SL,-10.678992828037162,0.09937372026528851,0.0,-10.726009939962797,10.631952195795414,-1.0088467049545784,15,1385.0878614785568,
WIF,1,DONCHIAN_V2,2024-07-20 16:00:00+00:00,2024-07-31 16:00:00+00:00,2.5975192836284635,2.1697793369186975,24.91991664491965,64.72996403159271,2.170864769303349,8.286246141296656,SL,-10.659243817709742,0.05940034212273784,0.0,-10.686279177816683,10.632194933160532,-1.0050868371955324,33,1374.3138093400278,
BTC,1,DONCHIAN_V2,2024-07-27 16:00:00+00:00,2024-07-31 16:00:00+00:00,68888.17487999999,64779.22142924431,0.002548273658441015,175.54592142478202,64811.62724286574,123242.1433751234,SL,-10.470737842321014,0.17031055250362154,0.0,-10.553275434112244,10.388158961089175,-1.0158946810153313,12,1363.7605339059155,
SOL,1,DONCHIAN_V2,2024-07-21 00:00:00+00:00,2024-08-01 00:00:00+00:00,173.65471911621094,166.32138195435587,0.6512848823844729,113.09869331511013,166.4045842464791,391.3077474358362,SL,-4.776091630944464,0.1107106474996379,0.0,-4.830252931786546,10.631559521232866,-0.45433155146615933,33,1358.930280974129,
BTC,1,DONCHIAN_V2,2024-09-19 08:00:00+00:00,2024-10-01 08:00:00+00:00,62112.42,62381.283248865555,0.002542826417598884,157.94110243699728,62412.48949361236,115554.1441998503,SL,0.6836725719368006,0.15828293872296567,0.0,0.6043601844323336,10.191977107305966,0.05929763951285831,36,1359.2666448489667,
NEAR,1,DONCHIAN_V2,2024-09-19 08:00:00+00:00,2024-10-01 16:00:00+00:00,4.527905350399017,4.790852496511387,19.724956844578855,89.31273763295832,4.793249121071923,11.416900450007423,SL,5.186621109471665,0.09190604818769416,0.0,5.13937143010045,10.19138482817183,0.5042858764290594,37,1364.4060162790672,
SOL,1,DONCHIAN_V2,2024-09-20 08:00:00+00:00,2024-10-01 16:00:00+00:00,151.06020477905273,142.8278692520757,0.7719584619834992,116.61220334814998,142.89931891153145,327.0697516237186,SL,-6.355021071937314,0.11343469281218133,0.0,-6.41014966307542,10.190404430746563,-0.6290378077375094,34,1357.9958666159919,
SUI,1,DONCHIAN_V2,2024-09-19 08:00:00+00:00,2024-10-22 08:00:00+00:00,1.3641727262020111,1.9796128515813098,49.971830666686614,68.17020847387914,1.9806031531578887,4.083317964481091,SL,30.754669730938694,0.0835475433393485,0.0,30.705207291836285,10.191049905405704,3.0129581914370887,99,1388.528434152237,
LINK,1,DONCHIAN_V2,2024-10-22 08:00:00+00:00,2024-10-23 16:00:00+00:00,12.112421656608582,11.163759810207546,11.042535586146041,133.75184717750625,11.16934448244877,24.68678397873941,SL,-10.47563219810245,0.12851403107845502,0.0,-10.537270305592152,10.413963256141777,-1.0118405496944358,4,1377.9242879230562,
APT,1,DONCHIAN_V2,2024-09-19 16:00:00+00:00,2024-10-25 16:00:00+00:00,6.701840111446381,9.21707011207944,15.511615551572854,103.95636729686643,9.221680952555717,15.461550306894587,SL,39.015280793602365,0.12346400769366761,0.0,38.94379496955713,10.190794267123927,3.821468076849711,108,1416.8087774707772,
WIF,1,DONCHIAN_V2,2024-10-07 08:00:00+00:00,2024-10-25 16:00:00+00:00,2.6645328343391417,2.1902741442989133,20.538076262150934,54.72437855466247,2.19136982921352,9.276621762641575,SL,-9.740361144034011,0.04985419798264547,0.0,-9.762853152739325,10.184968999619938,-0.9585550189797961,55,1407.0459243180378,
SOL,1,DONCHIAN_V2,2024-10-24 16:00:00+00:00,2024-10-25 16:00:00+00:00,175.50509522094725,160.13342282826,0.6758256421156535,118.6108436722656,160.2135295930565,379.39263692615714,SL,-10.388570365179332,0.11341655848967594,0.0,-10.442681501832874,10.33443215942292,-1.010474628962681,3,1396.603242816205,
LINK,1,DONCHIAN_V2,2024-10-31 00:00:00+00:00,2024-11-01 00:00:00+00:00,12.39447859840393,11.255100169313671,9.23845738148358,114.50586229706504,11.260730534580961,27.511119449376856,SL,-10.526099058532068,0.10924281276779901,0.0,-10.578088940151336,10.474083168968024,-1.0099298210168364,3,1385.9090806577701,
SOL,1,DONCHIAN_V2,2024-10-29 08:00:00+00:00,2024-11-01 08:00:00+00:00,180.22604044189453,164.09691907279273,0.6527390491502223,117.64057427015175,164.17900857708125,394.1864653060717,SL,-10.528107346096037,0.11237652059710374,0.0,-10.581663579558064,10.474524321121537,-1.0102285559851616,9,1375.327417078212,
DOGE,1,DONCHIAN_V2,2024-10-18 08:00:00+00:00,2024-11-03 00:00:00+00:00,0.1347169396072626,0.14826081618657172,702.7107372465679,94.66703995102087,0.14833498367841091,0.3279640941544727,SL,9.51742749622283,0.09942575369913229,0.0,9.465335262499208,10.18476378320036,0.9293622772196405,47,1384.792752340711,
BTC,1,DONCHIAN_V2,2024-10-18 16:00:00+00:00,2024-11-03 00:00:00+00:00,68755.54836,68548.4568640924,0.002849051419836808,195.88809267671633,68582.7482382115,116417.76889600286,SL,-0.5900143204516863,0.19559308551649052,0.0,-0.6876633596298187,10.184408781800542,-0.06752118599743047,46,1384.1050889810813,
PEPE,1,DONCHIAN_V2,2024-11-08 00:00:00+00:00,2024-11-25 16:00:00+00:00,1.1000199707086722e-05,1.8655050935768953e-05,6360946.051696038,69.9716768946612,1.8664383127332617e-05,3.275639198974136e-05,SL,48.6920956994068,0.09431772474436459,0.0,48.63276381310977,10.37924740502189,4.685577086213334,53,1432.497431977581,
BTC,1,DONCHIAN_V2,2024-11-07 00:00:00+00:00,2024-11-26 16:00:00+00:00,75613.21962,90821.63075712413,0.0019223273818104764,145.35336250237515,90867.06428926876,147610.81552878264,SL,29.23554516272512,0.15997113508373773,0.0,29.148250708892572,10.380221252998416,2.808056783998978,59,1461.6144381803676,
SOL,1,DONCHIAN_V2,2024-11-06 08:00:00+00:00,2024-12-02 00:00:00+00:00,184.06680477905272,229.98770443940506,0.5093472024422577,93.7539120766957,230.10275581731372,455.8077866367063,SL,23.38968177563209,0.10544875296451174,0.0,23.33110997870593,10.380788167358109,2.2475277987146955,77,1484.9455481590735,
BTC,1,DONCHIAN_V2,2024-12-05 08:00:00+00:00,2024-12-05 16:00:00+00:00,102315.459,95041.84154028383,0.0015412000471626342,157.68859023626658,95089.38623340052,198663.09588799303,SL,-11.210099571957526,0.15208354045028782,0.0,-11.28333881728968,11.136823688683743,-1.0131559170461515,1,1473.5476420454245,
DOGE,1,DONCHIAN_V2,2024-11-06 08:00:00+00:00,2024-12-09 16:00:00+00:00,0.19986996163129805,0.38136547792062975,287.30305464458746,57.423250508368426,0.38155625604865406,0.6816115197700421,SL,52.144216234221474,0.08349535862547916,0.0,52.08943250085018,10.380436590187822,5.018038696955007,100,1525.604535554995,
ETH,1,DONCHIAN_V2,2024-11-07 08:00:00+00:00,2024-12-09 16:00:00+00:00,2821.464082324219,3622.243642984845,0.04052485798210898,114.33943123781042,3624.055670820255,6236.54532537146,SL,32.45147797074749,0.13056517022318417,0.0,32.37808251614321,10.379676177889031,3.1193730865241798,97,1557.9826180711382,
LINK,1,DONCHIAN_V2,2024-11-25 16:00:00+00:00,2024-12-09 16:00:00+00:00,18.506700859451293,20.696437861070294,3.376561424244704,62.48901221205954,20.706791256698644,60.93144165320165,SL,7.393781488907981,0.06618590295651354,0.0,7.3588400920574975,10.743730739831857,0.6849427140588098,42,1565.3414581631957,
NEAR,1,DONCHIAN_V2,2024-12-03 00:00:00+00:00,2024-12-09 16:00:00+00:00,7.485497006034851,6.315489110658248,9.54459034913956,71.4460024823133,6.318648434875686,23.043477954823718,SL,-11.167246066628612,0.065862379448999,0.0,-11.197385444836454,11.137091611193052,-1.0054137862691914,20,1554.1440727183592,
SUI,1,DONCHIAN_V2,2024-12-05 16:00:00+00:00,2024-12-09 16:00:00+00:00,4.329565805625916,3.592517504233334,15.031064425534261,65.07798255895328,3.594314661564116,14.132914393116575,SL,-11.078620502962488,0.05953867230747204,0.0,-11.105620183990483,11.051607315340684,-1.004887331508316,12,1543.0384525343686,
LINK,1,DONCHIAN_V2,2024-12-12 08:00:00+00:00,2024-12-19 16:00:00+00:00,28.844768502044676,22.477807233860876,1.8208470992702959,52.52191305607125,22.489051759740747,113.58765839943041,SL,-11.593262956338798,0.046725281577901845,0.0,-11.613727281388664,11.572788394007764,-1.00353751282639,22,1531.3673569271302,
SUI,1,DONCHIAN_V2,2024-12-12 08:00:00+00:00,2024-12-19 16:00:00+00:00,4.846668927097321,3.9431652974256552,12.83659758472897,62.21473864355842,3.9451378663588343,16.86708307027714,SL,-11.597912510437162,0.056415782388339844,0.0,-11.623220923503723,11.572591436833804,-1.0043749480785067,22,1519.7441360036264,
SOL,1,DONCHIAN_V2,2025-01-18 08:00:00+00:00,2025-01-20 00:00:00+00:00,232.93657738952635,233.66716420861928,0.44482171032023843,103.61524675055169,233.78405623673763,574.5889969419632,SL,0.32498087840634177,0.10377773718975486,0.0,0.27301076459186274,11.398081020027197,0.02395234461942887,5,1519.965339144843,
BTC,1,DONCHIAN_V2,2025-01-20 08:00:00+00:00,2025-01-27 00:00:00+00:00,107227.24116,98065.88668264267,0.0012510281476757089,134.14429688877132,98114.94415472003,228724.53456373312,SL,-11.461112322008912,0.12841374072776687,0.0,-11.522453914292294,11.399740043586322,-1.0107646200910532,20,1508.3758130821063,
PEPE,1,DONCHIAN_V2,2025-04-22 16:00:00+00:00,2025-05-04 16:00:00+00:00,8.428684956743381e-06,8.001860360980979e-06,11524068.172246208,97.1327400438968,8.005863292627292e-06,2.1516145652657255e-05,SL,-4.9187557391573495,0.09467336217431813,0.0,-4.96486273130972,11.311559194597816,-0.43891939615900544,36,1503.0901250437912,
LINK,1,DONCHIAN_V2,2025-04-23 08:00:00+00:00,2025-05-06 08:00:00+00:00,14.738947261047363,13.335224711697645,8.09647613195989,119.33353470928556,13.341895659527408,33.36630194798009,SL,-11.36520611670388,0.11365093165093362,0.0,-11.41919028100017,11.311194946822654,-1.009547650330954,39,1491.6709347627911,
SUI,1,DONCHIAN_V2,2025-04-23 08:00:00+00:00,2025-05-06 08:00:00+00:00,2.949489764356613,3.187682670428076,30.29113788062036,89.34340112960462,3.189277309082617,7.928172524374405,SL,7.215134159996339,0.09295096820960279,0.0,7.166854892351538,11.310747446067491,0.6336322976465453,39,1498.8377896551426,
SUI,1,DONCHIAN_V2,2025-05-08 16:00:00+00:00,2025-05-25 08:00:00+00:00,3.890878022289276,3.4756377797638303,20.85954495650072,81.16194502620377,3.477376467997829,11.076026657052928,SL,-8.661722506707799,0.07683108377284986,0.0,-8.697972617967547,11.24091982244941,-0.7737776583546745,50,1490.0056810809592,
SOL,1,DONCHIAN_V2,2025-04-22 16:00:00+00:00,2025-05-30 00:00:00+00:00,145.3690643371582,164.61051056849092,0.7739409112970057,112.50706612749326,164.6928569969894,340.25011069746597,SL,14.89174243094999,0.11995293734296827,0.0,14.828043026670768,11.311981096095794,1.3108263619525058,112,1504.83372410763,
PEPE,1,DONCHIAN_V2,2025-05-08 16:00:00+00:00,2025-05-30 00:00:00+00:00,9.875974970418611e-06,1.2642392663737534e-05,9128210.35217373,90.14997696278382,1.2648717022248658e-05,2.6294842096223898e-05,SL,25.25244262659037,0.102776198276079,0.0,25.194741416795683,11.24061546515556,2.2414023053182532,64,1530.0284655244257,
BTC,1,DONCHIAN_V2,2025-04-22 08:00:00+00:00,2025-05-30 16:00:00+00:00,88505.49756,103728.37796487736,0.0025233898250139617,223.33387200070203,103780.26809892683,148281.27212046686,SL,38.413261521071945,0.242540502761238,0.0,38.282387954311055,11.312818598115797,3.3839831888303387,115,1568.3108534787368,
ETH,1,DONCHIAN_V2,2025-06-11 00:00:00+00:00,2025-06-13 00:00:00+00:00,2815.7830146972656,2589.940590056541,0.05238253699756356,147.49785794449056,2591.236208160621,5809.740435185857,SL,-11.830199164362206,0.14158275836230946,0.0,-11.89803299375227,11.762331401090526,-1.011536963892138,6,1556.3390715560124,
HYPE,1,DONCHIAN_V2,2025-05-08 08:00:00+00:00,2025-06-19 16:00:00+00:00,21.79435891571045,35.984294772662686,4.448857193637588,96.95999044287794,36.002295920623,55.484759043605436,SL,63.12899821445791,0.1285244895501069,0.0,63.04895372012924,11.24128342241357,5.608697098982338,127,1619.3880252761417,
BTC,1,DONCHIAN_V2,2025-07-10 00:00:00+00:00,2025-07-22 00:00:00+00:00,111220.83972,116185.99552327511,0.0032775243936761147,364.52901526744137,116244.11758206613,160626.87571556936,SL,16.273419263636683,0.3726657248992597,0.0,16.083018046371144,12.144711612773905,1.3242815934348657,36,1634.9923661943953,
SOL,1,DONCHIAN_V2,2025-07-23 00:00:00+00:00,2025-07-23 16:00:00+00:00,205.89117610473633,185.85520738525074,0.6148746953369673,126.59727417996963,185.94818147598872,471.7977711547045,SL,-12.319610162174712,0.12043746909888228,0.0,-12.37674899418361,12.262442746457962,-1.0093216539387035,2,1622.5523185631218,
SUI,1,DONCHIAN_V2,2025-07-10 08:00:00+00:00,2025-07-24 00:00:00+00:00,3.212042312049866,3.5483032263228544,43.69173401845151,140.33969835409476,3.550078265455582,6.917501832867892,SL,14.691822427216746,0.14768560956770316,0.0,14.61430666682609,12.14234638497901,1.2035817628218117,41,1637.1666252299478,
PEPE,1,DONCHIAN_V2,2025-07-10 00:00:00+00:00,2025-07-28 16:00:00+00:00,1.104920944362675e-05,1.2072942847460554e-05,9393666.25457091,103.79258589028284,1.2078982338629869e-05,2.828542556326695e-05,SL,9.616609929270613,0.10860089085491814,0.0,9.559905331360836,12.143344628966652,0.787254716345339,56,1646.7265305613087,
LINK,1,DONCHIAN_V2,2025-07-10 08:00:00+00:00,2025-07-30 16:00:00+00:00,14.393877993965148,17.149951212500397,11.282978144047119,162.40581081398955,17.158530477739266,28.743464603390787,SL,31.096713888126818,0.17795416775805295,0.0,30.99996262577576,12.142955406769563,2.5529174395628287,61,1677.7264931870843,
ETH,1,DONCHIAN_V2,2025-07-09 16:00:00+00:00,2025-08-01 16:00:00+00:00,2655.8210970703126,3468.3552368308506,0.07014295733775865,186.2871459085223,3470.0902819718362,4964.517631603809,SL,56.99354750069584,0.21478391965887023,0.0,56.87190715399123,12.145410189571063,4.682584306854091,69,1734.5984003410756,
BTC,1,DONCHIAN_V2,2025-08-11 08:00:00+00:00,2025-08-15 08:00:00+00:00,121570.20917999999,116877.42883057187,0.002806987884521356,341.2461042869869,116935.89677896134,183361.04119384862,SL,-13.172577585564643,0.3346598154942046,0.0,-13.336614348915354,13.008458762802572,-1.0252263232790602,12,1720.8256398952685,
NEAR,1,DONCHIAN_V2,2025-08-14 00:00:00+00:00,2025-08-15 08:00:00+00:00,2.998599506521225,2.673236701722723,40.1408764625123,120.36641235181885,2.6745739887170816,7.318939743909803,SL,-13.060348152913164,0.11383623827536227,0.0,-13.114001185012617,13.0066682808777,-1.0082521443475818,4,1707.711638710256,
SOL,1,DONCHIAN_V2,2025-08-13 08:00:00+00:00,2025-08-18 08:00:00+00:00,198.7997465057373,179.72654118707402,0.6851907245370898,136.21574234605592,179.8164494117799,451.9103744251689,SL,-13.068783371539562,0.12968135066028616,0.0,-13.13035685102682,13.007179089911496,-1.0094699827121518,15,1694.5812818592292,
ETH,1,DONCHIAN_V2,2025-08-09 08:00:00+00:00,2025-08-19 00:00:00+00:00,4171.233982324218,4216.925511876452,0.037458753942556176,156.2492273807116,4219.035029391148,8801.922987626212,SL,1.7115477627561668,0.15710500126208968,0.0,1.632567375184433,13.009488002558067,0.12549051698755706,29,1696.2138492344136,
LINK,1,DONCHIAN_V2,2025-08-09 08:00:00+00:00,2025-08-30 00:00:00+00:00,20.802159935760496,22.896989516896273,5.68280927475215,118.21470741781734,22.908443738765655,51.32439272357537,SL,11.904516972703552,0.12416696590416912,0.0,11.839457360508293,13.008902067955392,0.9101042731094293,62,1708.0533065949219,
SUI,1,DONCHIAN_V2,2025-09-18 16:00:00+00:00,2025-09-19 16:00:00+00:00,3.9541905766010284,3.620501488360652,38.59652381795643,152.61801077052047,3.622312644682993,8.379229668841496,SL,-12.879238842061856,0.14617839134948957,0.0,-12.949108228026086,12.809334503928566,-1.0109118646292399,3,1694.8858499570645,
HYPE,1,DONCHIAN_V2,2025-09-18 08:00:00+00:00,2025-09-21 08:00:00+00:00,58.36866984329224,53.063946471975726,2.4269483552850506,141.65774727635423,53.09049171783464,128.7443781827269,SL,-12.874289661258778,0.13522060244572484,0.0,-12.938681390066327,12.809865720480854,-1.0100559734501757,9,1681.9471685669982,
NEAR,1,DONCHIAN_V2,2025-09-18 08:00:00+00:00,2025-09-22 00:00:00+00:00,2.9025803503990173,2.8525245649504187,49.06705221657399,142.4210616158302,2.853951540720779,6.383639899393019,SL,-2.4560898383480105,0.14119301669665618,0.0,-2.5260723242367518,12.810399799461914,-0.19718918720576203,11,1679.4210962427615,
ETH,1,DONCHIAN_V2,2025-10-06 16:00:00+00:00,2025-10-09 08:00:00+00:00,4672.074364746094,4369.638984757654,0.041944431340726944,195.967502410863,4371.8248972062565,8675.400598610595,SL,-12.685480030931794,0.1896247623953971,0.0,-12.77712104212176,12.593793176314538,-1.0145570014721228,8,1666.2973187152777,
BTC,1,DONCHIAN_V2,2025-10-02 00:00:00+00:00,2025-10-10 08:00:00+00:00,118584.11207999999,118646.86813786796,0.0029199561693803965,346.2604096584924,118706.2212484922,176099.39651658555,SL,0.18324493833757072,0.3463520321276612,0.0,0.010023111039155735,12.59565822182071,0.0007957592102484732,25,1666.3073418263168,
APT,1,DONCHIAN_V2,2025-10-02 00:00:00+00:00,2025-10-10 16:00:00+00:00,4.8759749999999995,4.756432579275992,30.98560978157508,151.08505865471554,4.7588119852686255,10.295419632122297,SL,-3.7040948008989756,0.14923301125426605,0.0,-3.7777852828258838,12.59435974528449,-0.29995850199851093,26,1662.529556543491,
HYPE,1,DONCHIAN_V2,2026-05-05 16:00:00+00:00,2026-05-12 08:00:00+00:00,44.0088,40.78111994528801,3.886977384287994,171.0612103096535,40.80152070564083,86.77252392478889,SL,-12.545919376382937,0.16478825062146202,0.0,-12.625177021849572,12.466622082269243,-1.0127183561460353,20,1649.4140464675697,
SUI,1,DONCHIAN_V2,2026-05-06 08:00:00+00:00,2026-05-13 08:00:00+00:00,0.992598470556736,1.1767356995860079,184.4120135981133,183.04708264977526,1.1773243617668911,1.893912172739395,SL,33.95711718366499,0.20002564124160777,0.0,33.84861508374827,12.46598060273058,2.71527897904269,21,1683.262661551318,
BTC,1,DONCHIAN_V2,2026-04-22 16:00:00+00:00,2026-05-16 00:00:00+00:00,79248.94662,77988.96432937954,0.002833899954781884,224.58358624292995,78027.97831853881,137914.7281603172,SL,-3.570663756415309,0.22279825436472228,0.0,-3.6811702176585666,12.468971674076183,-0.2952264480086969,70,1679.513732715206,
LINK,1,DONCHIAN_V2,2026-05-05 16:00:00+00:00,2026-05-16 00:00:00+00:00,9.72694538154602,9.795682344924266,21.458448743561767,208.72515890133013,9.800582636242387,17.473640681289442,SL,1.4749886054401735,0.20946265320405022,0.0,1.3698885316867884,12.467404801615123,0.10987760111144562,31,1680.8836212468927,
HYPE,1,DONCHIAN_V2,2026-05-15 08:00:00+00:00,2026-05-16 00:00:00+00:00,46.66933184738159,42.3005647944849,2.903774953323752,135.51723690678116,42.32172565731355,104.6374143816222,SL,-12.68591634510744,0.12917427873422743,0.0,-12.747332005388277,12.624469961634883,-1.0097320556131675,2,1668.1362892415045,
DOGE,1,DONCHIAN_V2,2026-04-29 08:00:00+00:00,2026-05-17 16:00:00+00:00,0.1048809723123908,0.10585531338435636,1842.5560497653346,193.2490700394662,0.10590826751811541,0.1951044021484652,SL,1.7952780366849876,0.1941467090578087,0.0,1.697755862646912,12.468129485627772,0.13616764764946857,55,1669.8340451041515,
NEAR,1,DONCHIAN_V2,2026-05-21 16:00:00+00:00,2026-05-30 00:00:00+00:00,1.8053609475374222,2.266691242358007,56.18742187838108,101.43857720203896,2.2678251549354744,4.777171736612728,SL,25.92095990036211,0.11439905715222001,0.0,25.85728013181091,12.523378991137415,2.064720723545113,25,1695.5904263281986,
HYPE,1,DONCHIAN_V2,2026-05-19 00:00:00+00:00,2026-06-05 00:00:00+00:00,47.739545542144775,60.42818518378907,2.1022244176466605,100.35923832605152,60.45841439098456,127.17131462859899,SL,26.674368081384007,0.11369642236674352,0.0,26.610851278180288,12.523755338281134,2.124830017785431,51,1722.2012776063789,
SUI,1,DONCHIAN_V2,2026-08-20 16:00:00+00:00,2026-08-23 00:00:00+00:00,0.7394478725910186,0.7777785004251694,218.13302719417905,161.29800290057452,0.7781675842172779,1.528859029113435,SL,8.361175883716763,0.16547859084243288,0.0,8.276346294324618,12.914748395481944,0.6408445631987681,7,1730.0232611755127,
PEPE,1,DONCHIAN_V2,2026-08-20 16:00:00+00:00,2026-08-28 16:00:00+00:00,3.209641742205349e-06,3.6536729932017734e-06,44504830.21665219,142.8445607931288,3.65550074357356e-06,7.078476492904699e-06,SL,19.76153543648355,0.1527253285113706,0.0,19.680232388368744,12.913637528711885,1.5239882910304836,24,1749.7034935638815,
BTC,1,DONCHIAN_V2,2026-08-20 16:00:00+00:00,2026-08-29 00:00:00+00:00,72452.78766,77475.0,0.0035665426260220482,258.4059555635143,74787.1092420001,120740.48412662662,EOD,17.91193438754393,0.26736192275728626,0.0,17.7737754425684,12.91650958204784,1.376050962503948,25,1767.47726900645,
SOL,1,DONCHIAN_V2,2026-08-20 16:00:00+00:00,2026-08-29 00:00:00+00:00,87.3574643371582,103.83000183105469,2.4181539258907394,211.24379534275937,94.55788894501053,158.571792597683,EOD,39.83313121024818,0.23116036094788345,0.0,39.70759274697168,12.915540559714481,3.074404246836222,25,1807.1848617534215,
HYPE,1,DONCHIAN_V2,2026-08-20 16:00:00+00:00,2026-08-29 00:00:00+00:00,73.24764830932617,81.48400115966797,1.842149733080939,134.9331357818317,71.85779587484505,166.7191926039191,EOD,15.172595204817583,0.1425194333842405,0.0,15.097542339324258,12.914143527971067,1.169070353494532,25,1822.2824040927458,
