symbol,side,tag,entry_ts,exit_ts,entry,exit,qty,notional,sl,tp,reason,gross,fees,funding,pnl,r_unit,r_multiple,bars_held,equity_after,regime,fold
BTC,-1,DONCHIAN_V2,2023-03-10 08:00:00+00:00,2023-03-12 16:00:00+00:00,19944.0104,21412.13169688816,0.005146078006397131,102.63343327879565,21401.43098139746,511.7359813671719,SL,-7.555066716639389,0.10641096663711534,0.0,-7.610160966637106,7.5,-1.0146881288849474,7,992.3196770234792,,1
APT,-1,DONCHIAN_V2,2023-03-10 08:00:00+00:00,2023-03-13 08:00:00+00:00,10.199559754753112,12.235167046378741,3.6953150327068567,37.690586488731036,12.229052520118683,-16.860343783454496,SL,-7.522210225431878,0.041451691601446974,0.0,-7.544816623788959,7.499615124625205,-1.0060271758500425,9,984.7748603996903,,1
APT,1,DONCHIAN_V2,2023-03-14 16:00:00+00:00,2023-03-27 08:00:00+00:00,14.093317977905274,11.384353719485349,2.7319673613756352,38.502484729125676,11.390048743857276,50.136907765211916,SL,-7.400801937136388,0.03480208376055748,0.0,-7.416352778532382,7.385243316430042,-1.0042123814706458,38,977.2055538704653,,1
SOL,1,DONCHIAN_V2,2023-03-20 08:00:00+00:00,2023-03-27 08:00:00+00:00,23.10362073097229,19.585573141561724,2.1050663818726796,48.63465530030647,19.59537082697521,69.88028611760004,SL,-7.405723710296399,0.04493179344515827,0.0,-7.426338176091404,7.385098932112307,-1.0055841153054537,21,969.779215694374,,1
DOGE,1,DONCHIAN_V2,2023-04-02 00:00:00+00:00,2023-04-05 16:00:00+00:00,0.08184636836796999,0.09072509718156645,953.923318818921,78.07515934684989,0.09077048242277783,0.18350578582190674,SL,8.469626456759112,0.08230997257522944,0.0,8.426354063857307,7.273146666514305,1.1585568736916017,11,978.1402053527579,,1
BTC,1,DONCHIAN_V2,2023-03-14 16:00:00+00:00,2023-04-17 00:00:00+00:00,25916.1822,29726.413863587313,0.0028537276894624957,73.95772674929506,29741.28450584023,60424.550466391054,SL,10.873363601645867,0.07939440855011799,0.0,10.830948056470396,7.385811452997677,1.466453364724663,100,988.9247611995692,,1
ETH,1,DONCHIAN_V2,2023-03-14 16:00:00+00:00,2023-04-19 08:00:00+00:00,1770.6440970703125,2033.1189300660171,0.04379499984310966,77.54535795339739,2034.1359980650495,4019.1607886196234,SL,11.49508526986712,0.08329290058833094,0.0,11.450565048255488,7.385534111522367,1.5504044630152285,107,1000.3273133772894,,1
LINK,1,DONCHIAN_V2,2023-03-20 16:00:00+00:00,2023-04-19 08:00:00+00:00,7.348469522094726,8.056587512741666,9.153916533330374,67.26727665297727,8.060617821652492,18.105128015779798,SL,6.482052982131709,0.07050830314404313,0.0,6.445178317314154,7.384916552154931,0.8727489703906594,89,1006.7724916946036,,1
SOL,1,DONCHIAN_V2,2023-04-11 08:00:00+00:00,2023-04-19 08:00:00+00:00,22.47949538154602,23.486631056259025,4.127513440294376,92.78441931836655,23.498380246382215,46.177545539391076,SL,4.1569660335778735,0.09486290233515549,0.0,4.108495340901901,7.336051540145684,0.5600417770265981,24,1010.8809870355054,,1
AVAX,1,DONCHIAN_V2,2023-04-17 00:00:00+00:00,2023-04-19 16:00:00+00:00,20.174034076309205,18.606503218576695,4.759868091190511,96.02574107041423,18.615811124138762,40.95034010524842,SL,-7.461240111677469,0.09229512101457549,0.0,-7.505522362156838,7.4169357089967685,-1.0119438345747844,8,1003.3754646733486,,1
XRP,1,DONCHIAN_V2,2023-03-28 16:00:00+00:00,2023-04-20 16:00:00+00:00,0.4979495708584785,0.4750500023365021,105.74093177566616,52.65365159986862,0.4291650046969233,1.4150771196792147,EOD,-2.4214217127745035,0.051442940743481366,0.0,-2.4465378277180507,7.273344117707804,-0.33637042165537984,69,1000.9289268456305,,1
APT,-1,DONCHIAN_V2,2023-06-10 00:00:00+00:00,2023-06-17 08:00:00+00:00,7.442811314678193,6.966394755964448,8.421650811075938,62.68075794494477,6.962913299314791,-4.43099396285374,SL,4.012213898101618,0.06067465099589396,0.0,3.9828796260781965,7.499778138456353,0.5310663265697584,22,1003.8050799242046,,2
ETH,-1,DONCHIAN_V2,2023-06-10 08:00:00+00:00,2023-06-21 08:00:00+00:00,1732.3734267089844,1838.9929623632424,0.07095087703888985,122.9134139838694,1838.0739254005423,323.0334441548807,SL,-7.5647495641487925,0.12669578876594378,0.0,-7.6299886459228015,7.499543085614059,-1.0173938010382217,33,996.1750912782818,,2
SOL,-1,DONCHIAN_V2,2023-06-10 00:00:00+00:00,2023-06-22 00:00:00+00:00,17.392520708465575,17.591172763011873,3.4016390894390858,59.16307830579528,17.58238157222576,-12.00507185520923,SL,-0.6757425939420704,0.05950094960276632,0.0,-0.705662004391939,7.5,-0.09408826725225854,36,995.4033560902318,,2
LINK,-1,DONCHIAN_V2,2023-06-10 08:00:00+00:00,2023-06-22 00:00:00+00:00,5.102979291534424,5.7472601951231725,11.691581433508064,59.66189794048,5.744388001122611,-3.449136836308077,SL,-7.532662650362016,0.06342822926566101,0.0,-7.566259930657437,7.49908216031162,-1.0089581323300272,35,987.8370961595743,,2
DOGE,-1,DONCHIAN_V2,2023-06-10 08:00:00+00:00,2023-06-22 00:00:00+00:00,0.060097977031022314,0.068937899077958,851.6136166386304,51.18025557205426,0.06890344735428086,-0.05730829394575818,SL,-7.528197985194463,0.05494435456465149,0.0,-7.557552211973087,7.4988584281943425,-1.0078270291859448,35,980.2795439476013,,2
NEAR,1,DONCHIAN_V2,2023-06-24 08:00:00+00:00,2023-06-28 16:00:00+00:00,1.437287436246872,1.3446333484120474,54.56471621592628,78.42518107952681,1.3453060014127538,3.2337218156996874,SL,-5.055644008952709,0.07589735907505046,0.0,-5.092328777487996,7.351644908653243,-0.6926788277673855,13,975.047861893884,,2
LINK,1,DONCHIAN_V2,2023-06-25 08:00:00+00:00,2023-06-28 16:00:00+00:00,6.290257834339141,5.708189709246021,12.691973176660461,79.8357837077107,5.711045231861951,14.013092534035007,SL,-7.38759303067093,0.07614198719237525,0.0,-7.42381712600945,7.351350814224194,-1.009857550485149,10,967.6240447678746,,2
APT,1,DONCHIAN_V2,2023-07-04 08:00:00+00:00,2023-07-07 00:00:00+00:00,8.092717959022522,7.041233606674944,6.924602265991199,56.03885311707503,7.044755984667278,22.065544283759113,SL,-7.281110928920327,0.05239829765261486,0.0,-7.305489800014405,7.256719862292936,-1.0067206587338289,8,960.2291390791519,,2
SOL,1,DONCHIAN_V2,2023-06-30 08:00:00+00:00,2023-07-14 16:00:00+00:00,18.792757357406614,25.712096695104474,3.13011854347971,58.823558287533196,25.72495917469182,49.70609278949476,SL,21.658352369556688,0.06965273447231154,0.0,21.618111414228142,7.257180335759059,2.9788582361260856,43,981.8093561732683,,2
BTC,1,DONCHIAN_V2,2023-06-21 08:00:00+00:00,2023-07-17 16:00:00+00:00,28878.2745,29649.87190712059,0.004575978641524766,132.14636731608928,29664.70425925021,50647.93667102676,SL,3.5308132548397055,0.13391177394350914,0.0,3.462974664554241,7.471313184587112,0.4635028112190716,79,985.2261578861722,,2
AVAX,1,DONCHIAN_V2,2023-07-09 08:00:00+00:00,2023-07-18 16:00:00+00:00,13.942787580299377,13.656298139166248,5.435687791055878,75.78864022351885,13.663129704018257,31.608061525192895,SL,-1.5572671574337742,0.07501000664480198,0.0,-1.5943828439668168,7.201718543093639,-0.2213892190351997,28,983.6317750422054,,2
LINK,1,DONCHIAN_V2,2023-07-02 00:00:00+00:00,2023-07-26 00:00:00+00:00,6.504300382518768,7.319967612221459,9.834934158944781,63.96936601207145,7.323629426934927,16.342644161452075,SL,8.022033499734855,0.06798038276193888,0.0,7.986037799978952,7.25695974741548,1.1004660461046554,72,991.6178128421843,,2
DOGE,1,DONCHIAN_V2,2023-07-14 16:00:00+00:00,2023-08-07 16:00:00+00:00,0.072654529774189,0.07225655201193462,1271.0274718956312,92.3459033006533,0.07229269836111518,0.14989985907529224,SL,-0.5058406690288632,0.09209298296613888,0.0,-0.5517607003446754,7.363570171299512,-0.07493113904111835,72,991.0660521418397,,2
ETH,1,DONCHIAN_V2,2023-06-22 08:00:00+00:00,2023-08-08 16:00:00+00:00,1911.3922117675781,1855.97998046875,0.0630145853528052,120.44558767111516,1794.7192774231848,3467.0313363594887,EOD,-3.49177877876939,0.11869969828173046,0.0,-3.5502556832155627,7.352096579607009,-0.48289024018851157,142,987.5157964586241,,2
APT,1,DONCHIAN_V2,2023-10-21 16:00:00+00:00,2023-11-09 16:00:00+00:00,5.791558108234406,6.333716091556939,14.385005633286621,83.31159601245874,6.33688453382385,12.74267196139941,SL,7.798945644225953,0.08721106883457172,0.0,7.753390373397611,7.4993858951546395,1.0338700370662461,57,1007.5051467318939,,3
AVAX,1,DONCHIAN_V2,2023-10-23 00:00:00+00:00,2023-11-09 16:00:00+00:00,10.08501678314209,11.841328578037317,9.026156964157082,91.02894447079902,11.847252204139386,21.16168290806027,SL,15.852745938724778,0.09895531744016142,0.0,15.799305093520017,7.498479531230487,2.1070011630647714,53,1023.3044518254139,,3
SOL,1,DONCHIAN_V2,2023-10-20 08:00:00+00:00,2023-11-11 08:00:00+00:00,26.234245891571046,60.191680852289025,2.944863182854659,77.25626485604367,43.41251847926421,60.191680852289025,TP,100.00000000000001,0.1272562648560437,0.0,99.91137186757199,7.5,13.321516249009598,66,1123.1140915190035,,3
ETH,1,DONCHIAN_V2,2023-10-23 00:00:00+00:00,2023-11-14 16:00:00+00:00,1663.8927706054687,1918.4866214652486,0.09518969805393157,158.38545042805418,1919.4463446375673,2714.296841631564,SL,24.234711789730135,0.17050280632291925,0.0,24.14340170862124,7.499073476669593,3.219517955615971,68,1147.222968775106,,3
BTC,1,DONCHIAN_V2,2023-11-09 16:00:00+00:00,2023-11-14 16:00:00+00:00,37137.52602,34911.48051006064,0.0034749838283310006,129.05230234372175,34928.94498255191,66585.27318597448,SL,-7.735472148168107,0.1251845662696377,0.0,-7.7961305632658835,7.674783388690604,-1.0158111530227802,15,1139.42683821184,,3
DOGE,1,DONCHIAN_V2,2023-11-11 08:00:00+00:00,2023-11-14 16:00:00+00:00,0.0785457046598196,0.06892934150573081,879.0920564885045,69.04890503773952,0.06896382341743952,0.20630412122488728,SL,-8.453668461068192,0.06482207080720542,0.0,-8.483966079356527,8.423355686392526,-1.0071955162788524,10,1130.9428721324834,,3
SOL,1,DONCHIAN_V2,2023-11-16 00:00:00+00:00,2023-11-21 16:00:00+00:00,65.50309586334228,51.384568802805724,0.6018717604605157,39.42446362288374,51.41027393977561,253.40738817756457,SL,-8.497542737034568,0.03517569225436646,0.0,-8.513006197477493,8.482071540993626,-1.003647063849245,17,1122.3839356365743,,3
LINK,1,DONCHIAN_V2,2023-10-21 16:00:00+00:00,2023-11-26 16:00:00+00:00,8.954790668678283,14.76099967956543,9.660195356961735,86.50502724013022,13.995027638710111,19.306148326750254,EOD,56.0891133285214,0.11454958390439093,0.0,56.017816258237076,7.4997102890067895,7.469330694060143,108,1178.3167149708788,,3
AVAX,1,DONCHIAN_V2,2023-11-09 16:00:00+00:00,2023-11-26 16:00:00+00:00,13.734746751022339,21.070999145507812,5.417795243703562,74.41204562116178,19.695185462681557,32.621394910408355,EOD,39.74631332945227,0.09428520228588791,0.0,39.68923414997696,7.674299442556816,5.17170778219645,51,1218.0059491208558,,3
NEAR,1,DONCHIAN_V2,2023-11-16 08:00:00+00:00,2023-11-26 16:00:00+00:00,1.847369402861595,1.8289999961853027,28.38421658354832,52.43613324064384,1.5485440442582077,5.831707517573427,EOD,-0.5214012176111584,0.05217543263183826,0.0,-0.5473585836226748,8.48192369925504,-0.06453236353337496,31,1217.458590537233,,3
ETH,1,DONCHIAN_V2,2023-11-24 16:00:00+00:00,2023-11-26 16:00:00+00:00,2116.3931646972655,2062.43994140625,0.05570667814943244,117.89723286344933,1965.2823859376085,4131.203548159359,EOD,-3.0055548449970653,0.1163944554409508,0.0,-3.0630006840062913,8.417879517274306,-0.3638684395186123,6,1214.3955898532267,,3
SUI,1,DONCHIAN_V2,2023-11-25 08:00:00+00:00,2023-11-26 16:00:00+00:00,0.6545308799999999,0.635,79.71604792912625,52.176615001173175,0.5489381214360678,2.062434327519095,EOD,-1.5569245661780067,0.05139815271808418,0.0,-1.5822344113955042,8.41743740265107,-0.1879710339036415,4,1212.8133554418312,,3
XRP,1,DONCHIAN_V2,2023-12-07 08:00:00+00:00,2023-12-11 00:00:00+00:00,0.6483296154856681,0.595780130519068,143.5366978545681,93.05909212813467,0.5960781696038698,1.3450155605763119,SL,-7.542779546064057,0.08928770235510264,0.0,-7.585537702355093,7.500000000000001,-1.011405026980679,11,992.2288166172372,,4
ETH,1,DONCHIAN_V2,2023-12-07 16:00:00+00:00,2023-12-11 00:00:00+00:00,2322.4644,2154.8270164684236,0.045026877080792664,104.57331906331687,2155.9049689529,4543.256813961328,SL,-7.54818786242198,0.1007992251321059,0.0,-7.596700428022427,7.499651028404519,-1.012940522065672,10,984.6321161892147,,4
SOL,1,DONCHIAN_V2,2023-12-08 00:00:00+00:00,2023-12-11 00:00:00+00:00,67.80355891571045,62.661875264592496,0.827415342708048,56.101704937067886,62.693221875530256,188.64990200161787,SL,-4.254307940286132,0.05397455096692483,0.0,-4.280231638784524,7.499258878458032,-0.5707539515777602,9,980.3518845504302,,4
LINK,1,DONCHIAN_V2,2023-12-08 16:00:00+00:00,2023-12-11 00:00:00+00:00,16.699338345336912,14.548903818538994,3.498963792800589,58.43038023406035,14.55618190949374,45.274757489912545,SL,-7.5242925480541825,0.054668233960033265,0.0,-7.549745591897185,7.498826771322819,-1.006790238276885,7,972.8021389585331,,4
AVAX,1,DONCHIAN_V2,2023-12-11 00:00:00+00:00,2023-12-30 08:00:00+00:00,37.197436626434325,38.183705525273055,1.250861206495413,46.52883045707831,38.202806928737424,114.96802651338676,SL,1.2336855047303168,0.04714567320944346,0.0,1.2098042467494126,7.296016042188998,0.1658171034375137,58,973.9195640911764,,4
NEAR,1,DONCHIAN_V2,2023-12-20 08:00:00+00:00,2023-12-31 16:00:00+00:00,2.7585514969825744,3.5205080571386986,16.003602573084276,44.14676183509581,3.5222691917345657,8.837050822999183,SL,12.194049966692994,0.05024378681844231,0.0,12.1658795607921,7.295841559074783,1.6675087393667176,34,986.0854436519685,,4
APT,1,DONCHIAN_V2,2023-12-08 00:00:00+00:00,2024-01-03 08:00:00+00:00,7.94438860502243,9.112116339502412,7.442594690739692,59.12686445291285,9.116674676840832,21.378858363076148,SL,8.690924236870202,0.06347232657134794,0.0,8.65701534252531,7.499048497064518,1.1544151695930591,79,994.6755487315002,,4
SUI,1,DONCHIAN_V2,2023-12-20 08:00:00+00:00,2024-01-03 08:00:00+00:00,0.72984594,0.7018402147556729,59.434789958258285,43.37824014578758,0.7021913104108783,2.366525066561337,SL,-1.6645143975252725,0.04254598294702494,0.0,-1.6853712603994038,7.295676008717902,-0.23100960875804855,42,992.9901774711008,,4
SOL,1,DONCHIAN_V2,2023-12-21 08:00:00+00:00,2024-01-03 08:00:00+00:00,86.81736305236817,100.9481877199922,0.5840351974710966,50.70439577420972,100.99868706352396,253.37155640480808,SL,8.252898975185248,0.05483084526180235,0.0,8.223420327810551,7.295513340317356,1.1271887178062279,39,1001.2135977989113,,4
BTC,1,DONCHIAN_V2,2024-01-02 08:00:00+00:00,2024-01-03 08:00:00+00:00,45468.0918,42933.80326167783,0.0029431744480475862,133.82052598724198,42955.28090212889,78972.23710494814,SL,-7.458853269969685,0.13009109935225716,0.0,-7.522034106328322,7.395640827389763,-1.0170902403035125,3,993.691563692583,,4
SUI,1,DONCHIAN_V2,2024-01-11 08:00:00+00:00,2024-01-22 00:00:00+00:00,0.97649526,1.0397261260835668,36.12367521985039,35.27459762596337,1.0402462492081708,3.7271800020598076,SL,2.2841312702726233,0.03641666326109968,0.0,2.2653519058245055,7.452363169077484,0.3039776584190448,32,995.8664013766712,,4
ETH,1,DONCHIAN_V2,2024-01-10 16:00:00+00:00,2024-01-23 08:00:00+00:00,2449.899794091797,2237.169043245425,0.03521870488136256,86.28229783702992,2238.2881873390947,5271.38788412783,SL,-7.4921015332490395,0.0825362470704054,0.0,-7.5314966314009295,7.452686727694371,-1.0105746969631366,38,988.3349047452703,,4
LINK,1,DONCHIAN_V2,2024-01-17 16:00:00+00:00,2024-01-23 08:00:00+00:00,16.116223469924925,14.089691458151679,3.6901665033917177,59.471548009892395,14.096739828065711,43.04267202804776,SL,-7.478240547896665,0.05573242773594407,0.0,-7.504237201627663,7.452230889336387,-1.0069786233228084,17,980.8306675436426,,4
APT,1,DONCHIAN_V2,2024-02-03 08:00:00+00:00,2024-02-05 16:00:00+00:00,9.634026525306702,8.609054265392812,7.206872652449807,69.4312022982089,8.613360945865745,23.242900917852786,SL,-7.386844549493086,0.06573778002346237,0.0,-7.417866728367444,7.3558068517698665,-1.0084368551062002,7,973.3216645731324,,4
SUI,1,DONCHIAN_V2,2024-01-30 08:00:00+00:00,2024-02-20 08:00:00+00:00,1.61902374,1.6125185258506913,26.95433904019684,43.6397148020875,1.6133251884449138,5.257755393918114,SL,-0.17534374770955272,0.04355204292823272,0.0,-0.1970759332367417,7.355970500700375,-0.026791289227978517,63,972.9772628393637,,4
SOL,1,DONCHIAN_V2,2024-01-30 08:00:00+00:00,2024-02-21 08:00:00+00:00,102.9405821685791,101.89852913739406,0.67224767654793,69.20156718531858,101.94950388933873,248.84375175338482,SL,-0.700517729053867,0.06885130832079164,0.0,-0.7347682537819994,7.356230006577319,-0.09988380639607948,66,972.2424945855817,,4
AVAX,1,DONCHIAN_V2,2024-02-10 08:00:00+00:00,2024-02-21 08:00:00+00:00,39.07481474304199,36.41899812778038,2.0793744028797554,81.25116957395001,36.43721673614845,85.88320399825093,SL,-5.522437088517751,0.07848995102969113,0.0,-5.560301454760467,7.299912484298492,-0.7616942623244067,33,966.6821931308211,,4
LINK,1,DONCHIAN_V2,2024-02-11 08:00:00+00:00,2024-02-21 08:00:00+00:00,20.350069871520997,18.162713569363014,3.3508526973962365,68.19008652118802,18.17179946909756,49.39367523716682,SL,-7.3295087652527355,0.06452533213856165,0.0,-7.359939054130703,7.299063253618957,-1.0083402209840506,30,959.3222540766905,,4
XRP,1,DONCHIAN_V2,2024-02-28 00:00:00+00:00,2024-02-28 16:00:00+00:00,0.5866172890305519,0.5441177385481928,170.35956580521372,99.93586665307637,0.5443899335149502,1.14964869590524,SL,-7.240204967091457,0.09631576416953065,0.0,-7.2865527979344495,7.1938339507402915,-1.0128886554553593,2,951.8413393674446,,4
DOGE,1,DONCHIAN_V2,2024-02-27 08:00:00+00:00,2024-03-04 16:00:00+00:00,0.09184836628139019,0.17969011328388518,1091.9955964414276,100.29801151961739,0.11723261740252777,0.17969011328388518,TP,95.9228009104465,0.14825941197484066,0.0,95.82469050423147,7.194210068283491,13.319695921402925,19,1047.6402156727465,,4
ETH,1,DONCHIAN_V2,2024-02-11 08:00:00+00:00,2024-03-05 16:00:00+00:00,2528.0355353027344,3358.3701114741452,0.05743999360016702,145.2103449687839,3360.050136542416,4222.466502275399,SL,47.69441274128324,0.16905755133942552,0.0,47.5979603624282,7.29960779241259,6.520618876524135,70,1095.2197782863461,,4
NEAR,1,DONCHIAN_V2,2024-02-25 00:00:00+00:00,2024-03-05 16:00:00+00:00,3.86577300953865,3.582093003145565,12.797438297591501,49.471991562065476,3.583884945618374,11.361978357582693,SL,-3.6303773780758695,0.04765680287302754,0.0,-3.653298185167864,7.1949169055751785,-0.507760997536609,29,1091.5664801011783,,4
BTC,1,DONCHIAN_V2,2024-02-27 00:00:00+00:00,2024-03-05 16:00:00+00:00,54500.99802,61236.24823007912,0.0025507414164605995,139.01795288805113,61266.881670914576,92109.57378116155,SL,17.179881661073775,0.147607893718588,0.0,17.101782743799212,7.19473138560682,2.376986968271201,23,1108.6682628449776,,4
DOGE,1,DONCHIAN_V2,2024-03-04 16:00:00+00:00,2024-03-05 16:00:00+00:00,0.17179434483647346,0.12970473035153746,214.18340453727566,36.79549765732663,0.13510942223698166,0.6609266461630307,LIQ,-9.014896926045026,0.032288049194304114,0.0,-9.028787226410667,7.857301617545598,-1.1490951558037565,3,1099.6394756185668,,4
SOL,1,DONCHIAN_V2,2024-03-05 16:00:00+00:00,2024-03-06 00:00:00+00:00,139.23784871520996,120.52348548577297,0.4420975058473378,61.55670563654328,120.58377737446018,387.95879992520696,SL,-8.273573307255226,0.057419918982915666,0.0,-8.30021487341987,8.246918413643783,-1.0064625908858165,1,1091.258128592933,,4
APT,1,DONCHIAN_V2,2024-02-28 16:00:00+00:00,2024-03-15 16:00:00+00:00,11.327764634513855,15.123600006103516,4.557686315395516,51.62839785874509,11.509672561791687,32.21207464400699,EOD,17.30022692858845,0.06027851132303931,0.0,17.265762616194785,7.138810045255835,2.4185771167379517,48,1108.4357019848985,,4
ETH,1,DONCHIAN_V2,2024-03-05 16:00:00+00:00,2024-03-15 16:00:00+00:00,3784.996838232422,3742.669921875,0.026607049647703454,100.70759879125065,3475.0302625940326,7917.884513410947,EOD,-1.1261943649561146,0.10014450160877258,0.0,-1.1759850671692618,8.247296067139251,-0.14259037842170943,30,1107.2597169177293,,4
NEAR,1,DONCHIAN_V2,2024-03-06 16:00:00+00:00,2024-03-15 16:00:00+00:00,4.80096019077301,7.486000061035156,8.071794285029997,38.7523630305381,6.354862515237315,18.320359844165914,EOD,21.673089479859676,0.04958890777046794,0.0,21.642876753604476,8.184435964446998,2.644394414913946,27,1128.9025936713338,,4
SOL,1,DONCHIAN_V2,2024-03-07 16:00:00+00:00,2024-03-15 16:00:00+00:00,146.0992213256836,184.1199951171875,0.30320404279443314,44.29787455506593,145.57518791683722,506.00166271603723,EOD,11.52805232375661,0.05006190071694423,0.0,11.500139360317199,8.184290643085632,1.4051479672258351,24,1140.402733031651,,4
BTC,1,DONCHIAN_V2,2024-03-11 08:00:00+00:00,2024-03-15 16:00:00+00:00,71222.2416,69517.0,0.0013103801393486664,93.32821087253238,64976.63066596674,154497.05405377672,EOD,-2.234514725431135,0.09221095350981681,0.0,-2.280061573504686,8.184124526056051,-0.2785956599567349,13,1138.1226714581462,,4
LINK,1,DONCHIAN_V2,2024-05-27 16:00:00+00:00,2024-06-07 16:00:00+00:00,18.032605128479002,16.17953185948754,4.064901903693807,73.300770915313,16.1876256723237,42.63233121054968,SL,-7.5325610588075005,0.06953449038590925,0.0,-7.565445163735753,7.499660503601645,-1.0087716850786133,33,992.2758071529057,,5
ETH,1,DONCHIAN_V2,2024-05-21 16:00:00+00:00,2024-06-11 08:00:00+00:00,3778.8156706054688,3464.033249309098,0.023957869551257085,90.53237289461188,3465.7661323752855,7952.809513674581,SL,-7.5415161864472955,0.08676161480138823,0.0,-7.583011614801378,7.5,-1.0110682153068504,62,984.6927955381043,,5
BTC,1,DONCHIAN_V2,2024-06-05 00:00:00+00:00,2024-06-11 08:00:00+00:00,70557.70872000001,67080.62818648736,0.0021778233122203682,153.66222290727038,67114.18527912692,116471.35459830797,SL,-7.572467044351484,0.14987598938509467,0.0,-7.645511922282943,7.499385625710713,-1.0194851023624194,19,977.0472836158214,,5
SOL,-1,DONCHIAN_V2,2024-06-24 08:00:00+00:00,2024-06-25 08:00:00+00:00,125.16496444091797,139.63815039496998,0.5087462308023779,63.67720388783068,139.56836621186406,-66.88039250502973,SL,-7.36317880182588,0.06735879328874361,0.0,-7.398698993170708,7.327676361701118,-1.0096923810446647,3,969.4684928418582,,5
AVAX,-1,DONCHIAN_V2,2024-06-23 16:00:00+00:00,2024-06-27 16:00:00+00:00,24.398119277954102,28.17314710113319,1.9484061101772383,47.53744467799884,28.159067567349517,-25.747857913984767,SL,-7.355287276771213,0.05121508831638445,0.0,-7.3827336427485974,7.3278546271186595,-1.0074890972081847,12,962.0857591991096,,5
ETH,-1,DONCHIAN_V2,2024-06-24 16:00:00+00:00,2024-07-01 00:00:00+00:00,3280.653796582031,3519.877739808489,0.030854597977003247,101.22325399526795,3518.118680468255,114.45534476570765,SL,-7.381158594725804,0.10491383329263085,0.0,-7.435460801020801,7.326883525965198,-1.0148190256704401,19,954.6226014081788,,5
BTC,-1,DONCHIAN_V2,2024-06-24 16:00:00+00:00,2024-07-01 16:00:00+00:00,60841.02936,63890.365975713,0.0024283885492757114,147.74565902397137,63858.43675733434,20608.930728875508,SL,-7.4049741204846,0.15144814608421367,0.0,-7.482549437056829,7.327437572186539,-1.0211686368313888,21,947.1400519711219,,5
SUI,-1,DONCHIAN_V2,2024-06-29 00:00:00+00:00,2024-07-03 16:00:00+00:00,0.7905418599999999,0.776,70.07090025571601,55.39397982002821,0.8935181763832721,-0.582475691776963,EOD,1.0189612215925798,0.05488449920923191,0.0,0.9917737122933621,7.215643193993321,0.13744772096255625,14,948.0684416470286,,5
ETH,-1,DONCHIAN_V2,2024-07-03 16:00:00+00:00,2024-07-03 16:00:00+00:00,3303.7092431640626,3295.580078125,0.03837143750939545,126.76807277328197,3488.835234027555,835.3626983174986,EOD,0.31192774829995384,0.126612108899132,0.0,0.24869967578746283,7.103550389783414,0.03501061612023641,0,948.317141322816,,5
BTC,1,DONCHIAN_V2,2024-09-19 08:00:00+00:00,2024-10-01 08:00:00+00:00,62112.42,62381.2832253593,0.0018711970339023636,116.22457607249784,62412.48947009435,115554.14643938567,SL,0.5030960698177492,0.11647612410740671,0.0,0.44473223374659143,7.5,0.05929763116621219,36,1000.2453602260098,,6
AVAX,1,DONCHIAN_V2,2024-09-19 08:00:00+00:00,2024-10-01 08:00:00+00:00,25.908180477905272,26.91262643707724,2.9102929554771904,75.40039513407937,26.926089481818146,60.26698569131398,SL,2.9232319991357056,0.07686201113364724,0.0,2.884070185569098,7.499564157839728,0.38456503936354924,36,1003.1294304115788,,6
NEAR,1,DONCHIAN_V2,2024-09-19 08:00:00+00:00,2024-10-01 16:00:00+00:00,4.527905350399017,4.79085249454623,14.514513968145017,65.7203454548051,4.793249119105782,11.416900667148065,SL,3.8165499966085625,0.06762862045310938,0.0,3.7817815488828557,7.499281406357976,0.5042858567324355,37,1006.9112119604616,,6
SOL,1,DONCHIAN_V2,2024-09-19 16:00:00+00:00,2024-10-01 16:00:00+00:00,142.98859871520995,142.86880795410266,0.6380647558150383,91.23598532355493,142.94027809314923,299.6884065125802,SL,-0.07643426273481557,0.09119776819218753,0.0,-0.12201403826522564,7.498846844886937,-0.016271040173119485,36,1006.7891979221964,,6
SUI,1,DONCHIAN_V2,2024-09-19 08:00:00+00:00,2024-10-21 16:00:00+00:00,1.3641727799999999,2.01,36.77152500349436,50.162713488856404,1.970237769311501,4.083318442973325,EOD,23.74805176816725,0.062036739372940033,0.0,23.711096385538738,7.49903495506252,3.1618863663959353,97,1030.3102294331666,,6
APT,1,DONCHIAN_V2,2024-10-13 00:00:00+00:00,2024-10-21 16:00:00+00:00,9.931386324119568,10.101699829101562,5.582391775643951,55.44088933650789,8.578754819938649,27.966473046531835,EOD,0.9507567094925793,0.055916267691254185,0.0,0.922560886469579,7.550918984416474,0.12217862334022558,26,1031.2327903196363,,6
DOGE,1,DONCHIAN_V2,2024-10-16 16:00:00+00:00,2024-10-21 16:00:00+00:00,0.126195228472352,0.143669992685318,605.2402813822617,76.37843558970513,0.12431991259322468,0.2925360204596704,EOD,10.576431209344209,0.08166665119437724,0.0,10.532953775944684,7.550711081081461,1.3949618337715666,15,1041.7657440955809,,6
BTC,1,DONCHIAN_V2,2024-10-18 16:00:00+00:00,2024-10-21 16:00:00+00:00,68755.54836,67378.7,0.0021122039151106574,145.22573843157215,65180.88181955263,116417.76889929824,EOD,-2.9081844965056955,0.1437716461833193,0.0,-2.9793432734732286,7.550424661947999,-0.39459280859900164,9,1038.7864008221077,,6
SOL,1,DONCHIAN_V2,2024-10-20 00:00:00+00:00,2024-10-21 16:00:00+00:00,159.8719643371582,166.19000244140625,0.6447952660558635,103.08468577965144,152.97670796437785,315.9913914458716,EOD,4.073841060379702,0.1051216063098413,0.0,4.020261796959686,7.549880065428882,0.5324934650774892,5,1042.8066626190673,,6
XRP,1,DONCHIAN_V2,2024-11-07 08:00:00+00:00,2024-11-16 08:00:00+00:00,0.5556110709071159,1.13569437636097,172.38193386503517,95.77731087979183,0.7089147767218427,1.13569437636097,TP,99.99588199695725,0.14577525187827045,0.0,99.89799540051888,7.499691149771786,13.320281249656361,27,1099.6997312546323,,7
SOL,1,DONCHIAN_V2,2024-11-07 16:00:00+00:00,2024-12-02 00:00:00+00:00,192.75854522094727,229.98696027421124,0.3671808561741161,70.7772476691045,230.10201127985115,465.07964107894514,SL,13.669561313262818,0.07761202832573591,0.0,13.627337908771635,7.499331984855988,1.8171402381292665,73,1113.3052256662331,,7
ETH,1,DONCHIAN_V2,2024-11-07 08:00:00+00:00,2024-12-09 16:00:00+00:00,2821.464082324219,3622.2425905134173,0.029190540249257046,82.36006085691821,3624.0546178223285,6247.2314420956845,SL,23.37515727403681,0.09404763949393662,0.0,23.322289664971333,7.5,3.1096386219961776,97,1136.6007326043152,,7
LINK,1,DONCHIAN_V2,2024-11-08 08:00:00+00:00,2024-12-09 16:00:00+00:00,12.822563694763183,20.696404307803135,5.830036271435112,74.75601143325639,20.70675768664646,29.972980881518854,SL,45.904776369521805,0.09770839961801729,0.0,45.84444597562042,7.499066570177227,6.1133536482977195,94,1182.4451785799356,,7
AVAX,1,DONCHIAN_V2,2024-11-08 16:00:00+00:00,2024-12-09 16:00:00+00:00,28.08961643371582,43.96731007394485,2.5937577718797753,72.85766093407226,43.989304726308006,66.63747836301106,SL,41.18289127887014,0.09344910657350733,0.0,41.12587100276367,7.498786235134352,5.484337026447699,93,1223.5710495826993,,7
XRP,1,DONCHIAN_V2,2024-11-16 08:00:00+00:00,2024-12-09 16:00:00+00:00,0.9720943662643432,2.139421841141668,44.941104338995224,43.686994341635284,2.1404920871852604,3.4190741355185374,SL,52.46098584623768,0.06991748726475412,0.0,52.412911856143744,8.247747984409742,6.354814908895974,70,1275.983961438843,,7
NEAR,1,DONCHIAN_V2,2024-12-03 00:00:00+00:00,2024-12-09 16:00:00+00:00,7.485497006034851,6.3154975298542935,7.155898096742202,53.565453778654245,6.318656858283435,23.0433656427204,SL,-8.372397024789828,0.04937925526625933,0.0,-8.39499355316676,8.349789192496749,-1.0054138325684476,20,1267.588967885676,,7
LINK,1,DONCHIAN_V2,2024-12-12 08:00:00+00:00,2024-12-19 16:00:00+00:00,28.844768502044676,21.77780021904373,1.495803178447842,43.146096406950626,22.489041093437574,113.58780061680602,LIQ,-10.570793619702904,0.03786069959709917,0.0,-10.587081271096528,9.50691725914257,-1.113618745436665,22,1256.9547591742448,,7
SUI,1,DONCHIAN_V2,2024-12-12 08:00:00+00:00,2024-12-19 16:00:00+00:00,4.8466691399999995,3.943166647880359,10.545135800710089,51.10878426241077,3.9451392174891033,16.867068106811946,SL,-9.527556475681607,0.046345006024569965,0.0,-9.548347089574971,9.506755461281044,-1.0043749551004357,22,1247.40641208467,,7
AVAX,1,DONCHIAN_V2,2025-01-06 00:00:00+00:00,2025-01-08 00:00:00+00:00,43.123624678802486,38.626610989007276,2.0893057596369946,90.09843741784607,38.645933955985264,102.82616764969882,SL,-9.395636603255547,0.0854006191162183,0.0,-9.435988003662843,9.35526501705516,-1.0086286157004125,6,1237.8876317183162,,7
SUI,1,DONCHIAN_V2,2025-01-04 00:00:00+00:00,2025-01-13 08:00:00+00:00,4.9866971399999995,4.366476260744216,15.13753208669303,75.48628796337036,4.368660591039736,13.227184459470191,SL,-9.388613460571387,0.07079198123308467,0.0,-9.421662297822786,9.355548090635024,-1.0070668448868265,28,1228.4659694204934,,7
SOL,1,DONCHIAN_V2,2025-01-18 08:00:00+00:00,2025-01-20 00:00:00+00:00,232.93657738952635,233.6671641937358,0.3595660087493659,83.75607542368978,233.7840562218467,574.5889971199995,SL,0.26269418123454696,0.08388742251430706,0.0,0.2206847964320848,9.2134947706537,0.023952344026394574,5,1228.6447761792137,,7
BTC,1,DONCHIAN_V2,2025-01-20 08:00:00+00:00,2025-01-27 00:00:00+00:00,107227.24116,98065.8866814254,0.0010112527955106298,108.43384737794247,98114.94415350215,228724.5345799714,SL,-9.264445327122399,0.10380162471438129,0.0,-9.314030028147808,9.214835821344103,-1.0107646200894804,20,1219.276529227377,,7
SOL,-1,DONCHIAN_V2,2025-02-25 08:00:00+00:00,2025-03-02 08:00:00+00:00,136.20274972839357,151.88065979570746,0.480640477748172,65.46455470006978,151.80475741699897,-175.83740404371437,SL,-7.5354381848466225,0.06923227379249311,0.0,-7.571938181289081,7.49895642928195,-1.0097322544403846,15,992.181704072664,,8
XRP,-1,DONCHIAN_V2,2025-02-25 08:00:00+00:00,2025-03-02 08:00:00+00:00,2.1509698092460634,2.6779574125113492,33.56531736040668,72.19798427999754,2.374376334996576,-2.317160705764192,LIQ,-17.688506148599405,0.08104223735429725,0.0,-17.733449393813704,7.4987109372018255,-2.3648663806783587,15,974.4482546788504,,8
BTC,-1,DONCHIAN_V2,2025-02-25 08:00:00+00:00,2025-03-02 16:00:00+00:00,89292.23798,90586.57540984284,0.0021383591178744813,190.93887123995106,90541.30475746412,19144.993419367267,SL,-2.7677582447106563,0.1923227503623064,0.0,-2.864611559452987,7.5,-0.38194820792706496,16,971.5836431193974,,8
DOGE,-1,DONCHIAN_V2,2025-02-25 08:00:00+00:00,2025-03-02 16:00:00+00:00,0.20378923773765564,0.22380668112589044,376.70011013695927,76.76742830050186,0.22369483370903595,-0.19432268168995057,SL,-7.540573129008397,0.08053771486500605,0.0,-7.582727129723152,7.498440194760774,-1.011240595747002,16,964.0009159896742,,8
NEAR,-1,DONCHIAN_V2,2025-03-04 16:00:00+00:00,2025-03-06 00:00:00+00:00,2.739452009534836,3.137877394105408,18.217661307615796,49.90640887817312,3.1363092394856653,-5.19769258948175,SL,-7.258378712463251,0.05353559823440475,0.0,-7.286961106258569,7.229810602722807,-1.0079048410361175,4,956.66283271901,,8
XRP,-1,DONCHIAN_V2,2025-03-09 16:00:00+00:00,2025-03-15 00:00:00+00:00,2.1843629496097563,2.471387356322621,25.105805143294276,54.84019057513407,2.47015228018253,-3.5314236618457224,SL,-7.2059788263028315,0.05844317998828549,0.0,-7.23700191100355,7.174971245392575,-1.0086454235828204,16,949.3212777377578,,8
ETH,-1,DONCHIAN_V2,2025-02-25 08:00:00+00:00,2025-03-19 08:00:00+00:00,2367.936230126953,2026.747271455715,0.03688724909986627,87.34665357329118,2025.7344042535883,-1698.1213709317476,SL,12.585522108629933,0.08105389251897621,0.0,12.548141542897602,7.499283979232849,1.67324528283582,66,961.8694192806554,,8
BTC,-1,DONCHIAN_V2,2025-03-10 00:00:00+00:00,2025-03-19 16:00:00+00:00,80718.15314000001,86792.67256871394,0.0011895829793340485,96.0209410986232,86749.29791975407,-39904.7424550812,SL,-7.22614492003208,0.09963401355863924,0.0,-7.277768463041408,7.174547175894829,-1.014387150103826,29,954.591650817614,,8
AVAX,-1,DONCHIAN_V2,2025-03-04 08:00:00+00:00,2025-03-24 00:00:00+00:00,20.038990667724608,21.199346670733227,2.6118041971835306,52.33791993328473,21.188752294585935,-35.32508966968447,SL,-3.0306226788850172,0.05385323127272724,0.0,-3.058306950191102,7.230006869922557,-0.4230019424896979,59,951.5333438674229,,8
DOGE,-1,DONCHIAN_V2,2025-03-09 16:00:00+00:00,2025-03-26 00:00:00+00:00,0.1773145295470953,0.1992561542477162,328.4841291485187,58.245008823656896,0.19915657595973635,-0.25952639870572536,SL,-7.20747548188708,0.061848746564600446,0.0,-7.240201724039852,7.174765594677918,-1.0091203159878106,49,944.2931421433831,,8
DOGE,-1,DONCHIAN_V2,2025-03-31 08:00:00+00:00,2025-04-02 08:00:00+00:00,0.16341731266975404,0.17664094559880972,539.1100257562567,88.09991164240935,0.17655266926417765,-0.09928981921871824,SL,-7.128993088974491,0.0916644081868966,0.0,-7.176607541340183,7.081402431937328,-1.0134443862381661,6,936.9176743159476,,8
APT,-1,DONCHIAN_V2,2025-03-31 08:00:00+00:00,2025-04-02 16:00:00+00:00,5.1357724523544315,5.512216441074803,18.949091814198813,97.31822373649712,5.509461710219694,-2.338012704950808,SL,-7.133271705165541,0.10088485958907989,0.0,-7.185497452886372,7.081072057268669,-1.014747116647473,7,929.7321768630612,,8
XRP,-1,DONCHIAN_V2,2025-03-27 00:00:00+00:00,2025-04-09 16:00:00+00:00,2.3482303065299988,2.0875714150919125,51.099702337950376,119.9938696846369,2.086528151016404,-0.4236835176394247,SL,13.319591764226331,0.11333407380252375,0.0,13.266254625266125,7.082198566075373,1.8731830944155057,41,942.8919024143098,,8
AVAX,-1,DONCHIAN_V2,2025-03-30 16:00:00+00:00,2025-04-09 16:00:00+00:00,19.294140735626222,18.654800087182842,4.784279766173534,92.30856712716108,18.64547734850859,-10.310100383943773,SL,3.0587845280399284,0.09077917486314112,0.0,3.014159636740368,7.0817485890640555,0.42562364348756526,30,945.9060620510502,,8
SOL,-1,DONCHIAN_V2,2025-04-03 00:00:00+00:00,2025-04-11 16:00:00+00:00,117.34652874603272,122.18854781480722,0.6319419522333409,74.15619446357378,122.12748407277084,-103.33802311287654,SL,-3.059874983072424,0.07568613195511,0.0,-3.0984830177957474,6.972991326472958,-0.44435492211676186,26,942.8075790332545,,8
LINK,-1,DONCHIAN_V2,2025-04-03 00:00:00+00:00,2025-04-12 08:00:00+00:00,12.897419618606568,13.056371504651167,5.757243785422254,74.25358894720573,13.049846581360487,-11.324980893246407,SL,-0.915124758111417,0.07471115132626144,0.0,-0.9527091149640756,6.972713240743721,-0.13663391596216828,28,941.8548699182904,,8
NEAR,-1,DONCHIAN_V2,2025-04-03 00:00:00+00:00,2025-04-19 16:00:00+00:00,2.4495100476741793,2.1742082361876385,26.392365561334966,64.64836462437998,2.1731216753499636,-2.8341654709764423,SL,7.265866048450512,0.061015431600154726,0.0,7.237174799162547,6.972434789785169,1.0379695210294733,50,949.092044717453,,8
AVAX,1,DONCHIAN_V2,2025-04-22 16:00:00+00:00,2025-05-04 08:00:00+00:00,21.63632636947632,19.995948805821502,4.364999683907631,94.44255776368647,20.00595178171236,54.24381812475549,SL,-7.1602475468424425,0.09086243399026525,0.0,-7.203888701950865,7.116584560240719,-1.012267702431009,35,941.5783023310919,,8
NEAR,1,DONCHIAN_V2,2025-04-23 00:00:00+00:00,2025-05-05 16:00:00+00:00,2.4044808438777925,2.2833039877515593,40.365514766624145,97.05810700961392,2.284446210856988,5.930376867645631,SL,-4.891366175336556,0.09461242392194565,0.0,-4.937449545753695,7.116230400649106,-0.6938293545559354,38,936.6408527853382,,8
LINK,1,DONCHIAN_V2,2025-04-22 16:00:00+00:00,2025-05-06 08:00:00+00:00,13.849769522094727,13.193010483428202,8.031656588263482,111.2365926280629,13.199610288572487,31.57214502271816,SL,-5.274863059807588,0.1085991610981591,0.0,-5.327843924591716,7.117001697463074,-0.7486079322547975,41,931.3130088607465,,8
LINK,1,DONCHIAN_V2,2025-05-08 16:00:00+00:00,2025-05-18 16:00:00+00:00,15.223044267082214,15.071986346778848,7.357640687538097,112.00568988767766,15.079526109833765,34.20969464343477,SL,-1.1114299005989308,0.1114499749373782,0.0,-1.16687703059247,6.984847566455599,-0.16705833870968664,30,929.993548398568,,8
SUI,1,DONCHIAN_V2,2025-05-08 16:00:00+00:00,2025-05-25 08:00:00+00:00,3.8908780199999997,3.529854720949343,19.440059162603138,75.63889890327215,3.5316205312149505,11.076027795700984,SL,-7.018314292622929,0.07212974175696069,0.0,-7.052624584928253,6.983986836589591,-1.0098278748148641,50,922.8953747263199,,8
ETH,1,DONCHIAN_V2,2025-05-22 16:00:00+00:00,2025-05-25 08:00:00+00:00,2664.3127853027345,2459.0889361681257,0.03419199695401889,91.09817463962467,2460.3190957159836,6744.1865770377535,SL,-7.017013224502577,0.08758966802737339,0.0,-7.059053805210138,6.97495161298926,-1.0120577456142144,8,915.8363209211097,,8
DOGE,1,DONCHIAN_V2,2025-05-08 16:00:00+00:00,2025-05-28 08:00:00+00:00,0.18930785863101482,0.22086475397155927,620.7997662175361,117.52227438127638,0.22097524159235543,0.41432171737242063,SL,19.59051324996125,0.127317531006257,0.0,19.521956856145632,6.98442754511852,2.7950689917013607,59,935.3582777772554,,8
BTC,1,DONCHIAN_V2,2025-04-22 08:00:00+00:00,2025-05-29 16:00:00+00:00,88505.49756,105548.4,0.002381630707715104,210.78741079050022,103780.26809909828,148281.2664256103,EOD,40.58989979969665,0.23108236069034854,0.0,40.46421114440155,7.118190335380897,5.684620561953026,112,975.8224889216569,,8
SOL,1,DONCHIAN_V2,2025-04-22 16:00:00+00:00,2025-05-29 16:00:00+00:00,145.3690643371582,166.63999938964844,0.7304353310154001,106.18270062851114,164.69285699714078,340.2501052828725,EOD,15.53704248607279,0.11395122187154755,0.0,15.476182614515498,7.1173998825904325,2.1744152176093303,111,991.2986715361725,,8
BTC,1,DONCHIAN_V2,2025-08-11 08:00:00+00:00,2025-08-15 08:00:00+00:00,121570.20917999999,116877.42886439755,0.001618235036118846,196.72917184337294,116935.89681280394,183361.040742614,SL,-7.594021523516733,0.1929321610816146,0.0,-7.688589098676661,7.499406640915513,-1.0252263234705796,12,992.0599716690872,,9
NEAR,1,DONCHIAN_V2,2025-08-14 00:00:00+00:00,2025-08-15 08:00:00+00:00,2.998599506521225,2.6732366921348336,23.141307674662727,69.39151377349948,2.674573979124396,7.318939871812276,SL,-7.529320993609662,0.06562685327669465,0.0,-7.560252089999607,7.498374423934879,-1.0082521440736827,4,984.4997195790876,,9
SOL,1,DONCHIAN_V2,2025-08-13 08:00:00+00:00,2025-08-18 08:00:00+00:00,198.7997465057373,179.7265407855444,0.3950140331638615,78.52868965918458,179.8164490100494,451.9103797815756,SL,-7.534183916897432,0.07476159770073587,0.0,-7.569681169768576,7.498668906521101,-1.0094699824905884,15,976.930038409319,,9
ETH,1,DONCHIAN_V2,2025-08-09 08:00:00+00:00,2025-08-19 00:00:00+00:00,4171.233982324218,4216.925509665693,0.021595058228933994,90.07804073479973,4219.035027179283,8801.923047381506,SL,0.9867111935080864,0.09057139633155378,0.0,0.9411788175439325,7.5,0.12549050900585768,29,977.8712172268629,,9
LINK,1,DONCHIAN_V2,2025-08-09 08:00:00+00:00,2025-08-30 00:00:00+00:00,20.802159935760496,22.896989513592217,3.276152508779127,68.15104846156639,22.908443735459947,51.32439473099812,SL,6.862981176878112,0.07158253905000544,0.0,6.82547416205889,7.499662207347244,0.9101042118099841,62,984.6966913889217,,9
APT,1,DONCHIAN_V2,2025-10-03 16:00:00+00:00,2025-10-09 08:00:00+00:00,5.381076114463806,4.877047289274524,14.950982629556755,80.45237551567112,4.8794870327909186,12.068930536768967,SL,-7.535726210200855,0.0766845124105707,0.0,-7.572184534853591,7.4992496472666605,-1.009725624698134,17,992.2292037239649,,10
ETH,1,DONCHIAN_V2,2025-10-06 16:00:00+00:00,2025-10-09 08:00:00+00:00,4672.074364746094,4369.60967093278,0.024973284993907365,116.67704462353291,4371.795568717139,8675.791645132158,SL,-7.553536999194813,0.11290027612393551,0.0,-7.608098753006982,7.498947950858477,-1.014555482030784,8,984.621104970958,,10
BTC,1,DONCHIAN_V2,2025-10-03 16:00:00+00:00,2025-10-10 16:00:00+00:00,122239.54302,117598.88618387232,0.0016369012619020767,200.09406222377118,117657.71504139302,183330.58273475966,SL,-7.596297031111887,0.19629591370821525,0.0,-7.692545913708217,7.500000000000001,-1.0256727884944288,21,976.9285590572497,,10
AVAX,-1,DONCHIAN_V2,2025-10-30 16:00:00+00:00,2025-11-26 16:00:00+00:00,18.211357152557373,14.45374324578935,3.100236540296397,56.45951489274652,14.446519985796453,-13.300062907147218,SL,11.64949193808812,0.05063476892370246,0.0,11.627086926610792,7.326964192929372,1.5868900980615002,81,988.405274754943,,10
SOL,-1,DONCHIAN_V2,2025-11-03 08:00:00+00:00,2025-11-28 08:00:00+00:00,176.3247286102295,142.5943040709424,0.3876010080072859,68.34364254593608,142.52304254966757,-75.71288458437823,SL,13.073946551941372,0.0618066692699654,0.0,13.046311703944374,7.3267524697485245,1.780640434873619,75,1001.4290740306727,,10
LINK,-1,DONCHIAN_V2,2025-11-03 08:00:00+00:00,2025-11-30 08:00:00+00:00,16.106778610229494,13.2884077612465,3.4229165412033606,55.13215893045501,13.281766877807597,-12.432221558763889,SL,9.647048198229248,0.05030863483134039,0.0,9.624305642863135,7.326496181088977,1.3136300633999132,81,1011.0533796735358,,10
SUI,-1,DONCHIAN_V2,2025-11-03 08:00:00+00:00,2025-12-02 08:00:00+00:00,2.1920615,1.5876899562291567,24.445856576752806,53.58682103642162,1.5868965079751691,-1.803728044833373,SL,14.774380078092715,0.046199630997375264,0.0,14.754973857613551,7.3260373592913774,2.0140456748968516,87,1025.7817654259147,,10
DOGE,-1,DONCHIAN_V2,2025-11-03 08:00:00+00:00,2025-12-03 00:00:00+00:00,0.17337531641721726,0.15184651126825488,387.71563229741724,67.22032042946617,0.15177062595527724,-0.07857186085051027,SL,8.347054300937842,0.06304679327899726,0.0,8.317617667873577,7.3262894354929875,1.135311093167845,89,1034.0993830937882,,10
APT,-1,DONCHIAN_V2,2025-11-26 16:00:00+00:00,2025-12-26 00:00:00+00:00,2.163567234325409,1.7031999762938046,20.81047249884685,45.02485642933506,1.7023488018928583,-2.585989868761572,SL,9.580460162636232,0.040234626348016944,0.0,9.562737964502883,7.413039560662072,1.2899887942387855,88,1043.5386515524926,,10
DOGE,-1,DONCHIAN_V2,2025-12-15 16:00:00+00:00,2026-01-02 00:00:00+00:00,0.13062386878430843,0.12878968256828074,618.934098001813,80.84756640352312,0.12872531990832659,-0.036445726061530515,SL,1.1352403911844529,0.08027994620793089,0.0,1.0953842281782835,7.755380174207826,0.1412418480555238,52,1044.634035780671,,10
AVAX,-1,DONCHIAN_V2,2025-12-15 16:00:00+00:00,2026-01-02 16:00:00+00:00,12.485502316093445,13.901749862037159,5.502785921739473,68.70504637084458,13.894802460806757,-6.305166280084038,SL,-7.793307057517144,0.07260169989960316,0.0,-7.831556234231325,7.755076995833813,-1.0098618283788283,54,1036.8024795464396,,10
XRP,-1,DONCHIAN_V2,2025-12-15 16:00:00+00:00,2026-01-04 00:00:00+00:00,1.9236152247905731,2.077848224220834,50.62675610372293,97.38639882288051,2.0768098193111784,-0.11897936881749827,SL,-7.808316445301446,0.10129055704553123,0.0,-7.860913802935537,7.755745373203411,-1.013560067365735,58,1028.941565743504,,10
NEAR,-1,DONCHIAN_V2,2025-12-01 08:00:00+00:00,2026-01-04 16:00:00+00:00,1.6636672343254089,1.7259999513626099,31.963249243694566,53.17621046931106,1.9009053289176665,-1.4995073602380249,EOD,-1.9923561706967423,0.05417238855465943,0.0,-2.019940454016746,7.582900347551519,-0.26638098371805385,103,1026.9216252894873,,10
LINK,-1,DONCHIAN_V2,2026-03-29 00:00:00+00:00,2026-04-01 00:00:00+00:00,8.427314100837707,9.149006285359013,10.458501143512594,88.13707416035096,9.14443406832485,-1.134285465657534,SL,-7.547818537080179,0.09191098342889105,0.0,-7.595660983428894,7.500000000000001,-1.0127547977905191,9,992.2350139313626,,11
AVAX,-1,DONCHIAN_V2,2026-03-30 00:00:00+00:00,2026-04-01 00:00:00+00:00,8.591281811904908,9.304574888352992,10.5822957239462,90.91548478133807,9.299924925890048,-0.8572930412302977,SL,-7.548278272816985,0.09468962391774656,0.0,-7.597510154344063,7.499070994928865,-1.0131268472430472,6,984.6375037770185,,11
NEAR,-1,DONCHIAN_V2,2026-03-29 16:00:00+00:00,2026-04-04 08:00:00+00:00,1.158468249320984,1.2585868680867263,75.37868739618344,87.32381602397034,1.2579578891421552,-0.16806028162796793,SL,-7.546810066480558,0.09109722105721062,0.0,-7.594245379525783,7.499398459238956,-1.0126472704180665,17,977.0123761328891,,11
SUI,-1,DONCHIAN_V2,2026-03-29 00:00:00+00:00,2026-04-07 16:00:00+00:00,0.85852826,0.9480893801952227,84.18336217776296,72.27379545142465,0.9476155724090183,-0.32930257212024283,SL,-7.53955621844059,0.07604357356064495,0.0,-7.5794628942755224,7.499669485971898,-1.0106395899783154,29,969.4329132386137,,11
APT,-1,DONCHIAN_V2,2026-04-02 08:00:00+00:00,2026-04-16 08:00:00+00:00,0.8669265803813935,0.9710646180330773,71.24539794370183,61.76452920724499,0.9705793283688929,-0.5151100594519324,SL,-7.41935593357042,0.0654742071740302,0.0,-7.453947876140827,7.3847812783276385,-1.009366099713227,42,961.9789653624729,,11
BTC,1,DONCHIAN_V2,2026-04-22 16:00:00+00:00,2026-04-24 16:00:00+00:00,79248.94662,77386.8,0.0016397616124487516,129.94938049447626,74849.01300437876,137914.72816161648,EOD,-3.053476544227192,0.12842264222236266,0.0,-3.1169244962023166,7.214842240218546,-0.43201561342911654,6,958.7970661760233,,11
DOGE,-1,DONCHIAN_V2,2026-06-30 16:00:00+00:00,2026-07-03 08:00:00+00:00,0.07066586388796568,0.07699922317099629,1191.4446815080948,84.19446769349166,0.0769607427995965,-0.013265854933778479,SL,-7.54584723384674,0.08796739131041503,0.0,-7.59171739131041,7.500000000000001,-1.0122289855080546,8,992.3661853748428,,12
